GENE	Cond1	Cond2
VNG1951G	-0.154	-0.184
VNG1659G	-0.109	-0.190
VNG1282G	-0.125	-0.144
VNG0318G	 0.005	-0.004
VNG6232G	-0.117	-0.133
VNG0690C	 0.053	 0.029
VNG5076G	-0.238	-0.391
VNG0652H	-0.172	-0.203
VNG5175H	-0.336	-0.139
VNG2632G	-0.163	-0.189
VNG0162G	 0.161	 0.002
VNG0617H	-0.122	-0.197
VNG0030H	-0.157	-0.178
VNG1767G	 0.020	 0.150
VNG2291G	-0.128	-0.142
VNG2181G	 0.042	 0.132
VNG2603H	 0.140	 0.042
VNG1929G	-0.078	-0.034
VNG0729H	-0.193	-0.173
VNG2521H	-0.097	-0.130
VNG6186H	-0.170	-0.183
VNG0633G	-0.065	-0.093
VNG0112H	-0.150	-0.141
VNG0793G	-0.016	-0.147
VNG2567C	-0.005	-0.003
VNG0156C	-0.113	-0.137
VNG1208G	-0.183	-0.238
VNG2451H	-0.022	 0.064
VNG1401C	-0.059	-0.025
VNG0261H	-0.174	-0.261
VNG1047H	-0.033	-0.060
VNG0227H	 0.096	 0.051
VNG2468C	-0.024	-0.018
VNG0872G	-0.004	 0.040
VNG0407H	 0.137	 0.171
VNG2074H	-0.137	-0.163
VNG0473G	 0.073	 0.263
VNG2563H	 0.015	 0.047
VNG2087G	 0.073	 0.117
VNG0324G	-0.075	-0.057
VNG0527C	-0.116	-0.063
VNG2473G	-0.086	-0.206
VNG1751H	-0.154	-0.147
VNG0916G	-0.106	-0.140
VNG1976H	 0.061	 0.010
VNG1891H	-0.150	-0.140
VNG2174H	-0.197	-0.206
VNG1749G	-0.019	 0.034
VNG2249G	-0.082	-0.103
VNG0175G	 0.014	 0.010
VNG2587C	-0.034	-0.004
VNG2581H	-0.462	-0.339
VNG2447G	 0.268	 0.292
VNG1068G	 0.040	 0.047
VNG0058H	 0.183	 0.181
VNG1616C	-0.001	 0.062
VNG0963G	-0.060	 0.030
VNG0556G	-0.197	-0.253
VNG1513H	-0.017	 0.028
VNG5197H	-0.150	-0.186
VNG5090C	-0.017	-0.055
VNG1156G	-0.101	-0.139
VNG1889H	 0.148	 0.188
VNG0507C	-0.105	-0.042
VNG5098C	-0.079	-0.102
VNG2117C	-0.106	-0.043
VNG2190G	 0.083	 0.116
VNG0099G	-0.116	 0.141
VNG0819C	-0.139	-0.152
VNG1898C	-0.019	-0.182
VNG0504G	-0.083	-0.044
VNG0115G	-0.144	-0.203
VNG6287H	-0.105	-0.138
VNG2650G	 0.072	 0.072
VNG0901G	 0.003	 0.034
VNG0401G	-0.024	 0.122
VNG1437G	-0.036	-0.048
VNG0885G	-0.076	-0.093
VNG1406G	-0.018	-0.014
VNG6321H	 0.167	 0.141
VNG5075C	-0.160	-0.230
VNG0650C	-0.160	-0.141
VNG0154G	-0.182	-0.179
VNG1995C	 0.091	 0.065
VNG1834G	-0.094	-0.084
VNG5132H	 0.035	 0.005
VNG1480C	-0.119	-0.112
VNG6397H	-0.137	-0.162
VNG1261H	 0.048	 0.006
VNG0796G	-0.015	-0.181
VNG0391C	-0.062	-0.076
VNG1375C	-0.131	-0.120
VNG0707C	-0.130	-0.159
VNG5112H	-0.126	-0.144
VNG1017H	-0.119	-0.193
VNG1511C	-0.033	 0.086
VNG6240G	 0.034	 0.019
VNG2584C	 0.089	 0.114
VNG1648G	-0.146	-0.176
VNG6319H	-0.021	-0.047
VNG0136G	 0.005	-0.015
VNG2097C	-0.046	-0.088
VNG1097G	 0.006	 0.036
VNG0750C	-0.172	-0.276
VNG2071G	-0.124	-0.142
VNG1756G	-0.073	 0.083
VNG0342G	 0.269	 0.254
VNG2411G	-0.071	 0.118
VNG1644G	-0.081	-0.004
VNG5203C	-0.071	-0.078
VNG0713C	-0.173	-0.202
VNG0622H	 0.117	 0.154
VNG2146H	-0.036	 0.105
VNG0775G	-0.054	-0.182
VNG1698G	 0.036	 0.319
VNG1952H	-0.040	-0.007
VNG1180G	-0.095	-0.144
VNG1984G	 0.015	 0.078
VNG2227C	 0.009	 0.022
VNG5049H	 0.171	 0.132
VNG0370H	-0.061	 0.003
VNG1181G	 0.101	 0.128
VNG1938C	-0.135	-0.139
VNG1797G	-0.153	-0.195
VNG0309C	-0.113	-0.120
VNG1314H	-0.100	-0.294
VNG2131G	-0.057	-0.046
VNG0330G	 0.105	 0.055
VNG1142G	 0.022	 0.268
VNG1168C	-0.085	-0.114
VNG2510H	-0.042	 0.026
VNG2643H	 0.112	 0.201
VNG1456H	 0.218	 0.263
VNG6237G	-0.081	-0.122
VNG0764C	-0.104	-0.087
VNG1244C	-0.048	-0.096
VNG1609C	-0.126	-0.199
VNG2262H	-0.022	-0.007
VNG1284G	-0.143	-0.178
VNG2608C	 0.008	 0.030
VNG6365H	 0.254	 0.328
VNG1417H	-0.080	-0.062
VNG1793C	-0.076	-0.069
VNG0998G	-0.116	-0.121
VNG1344G	-0.084	-0.098
VNG1066C	-0.168	-0.156
VNG6148H	-0.162	-0.122
VNG1011C	-0.131	-0.110
VNG0692C	-0.086	-0.145
VNG1886C	-0.104	-0.049
VNG1653H	 0.128	 0.304
VNG1667G	 0.088	 0.045
VNG1053G	-0.060	-0.010
VNG1762G	 0.022	-0.066
VNG1193C	-0.019	 0.038
VNG0705C	-0.103	-0.220
VNG0085G	-0.150	-0.179
VNG0096C	 0.006	-0.033
VNG1422H	-0.106	-0.140
VNG6349C	-0.162	-0.171
VNG6279G	-0.205	-0.299
VNG1987G	 0.098	 0.092
VNG1074G	-0.084	-0.094
VNG2370C	 0.173	 0.169
VNG0142C	-0.083	-0.117
VNG2189H	 0.008	 0.049
VNG6133H	 0.207	 0.344
VNG2535H	-0.128	-0.160
VNG2178H	 0.017	 0.069
VNG2204H	-0.099	-0.085
VNG5047H	-0.076	-0.083
VNG2626H	-0.097	-0.363
VNG1850G	-0.023	-0.020
VNG0457G	-0.141	-0.076
VNG2290G	-0.149	-0.138
VNG6343H	-0.147	-0.144
VNG2657G	 0.103	 0.217
VNG5145H	-0.273	-0.925
VNG6270G	-0.134	-0.016
VNG5089G	 0.040	 0.029
VNG1988G	-0.043	 0.006
VNG5019G	 0.032	 0.003
VNG1006H	 0.091	 0.082
VNG0969H	 0.074	 0.037
VNG1830G	-0.083	 0.180
VNG0149G	-0.328	-0.187
VNG1581C	-0.145	-0.149
VNG0095G	 0.032	 0.024
VNG0702H	 0.078	 0.181
VNG6406H	-0.165	-0.174
VNG1311G	-0.148	-0.171
VNG0765H	-0.005	 0.148
VNG1998H	 0.093	 0.074
VNG0988H	-0.108	-0.113
VNG1247G	-0.138	-0.150
VNG5157H	-0.178	-0.210
VNG1408G	 0.130	 0.073
VNG5154H	-0.152	-0.161
VNG1777H	 0.009	 0.043
VNG0179C	 0.015	 0.075
VNG2089H	-0.015	 0.082
VNG1561C	 0.313	 0.319
VNG6409H	-0.088	-0.118
VNG2646C	 0.080	 0.072
VNG0282H	-0.131	-0.201
VNG2543C	 0.165	 0.033
VNG1919H	-0.230	-0.146
VNG6347H	 0.079	 0.154
VNG1689G	-0.082	 0.253
VNG0065G	-0.091	-0.124
VNG2155C	-0.041	 0.031
VNG1973H	-0.069	-0.149
VNG1935C	-0.059	-0.010
VNG1132G	-0.127	 0.262
VNG0120H	-0.025	-0.001
VNG2402H	-0.057	-0.045
VNG1425H	-0.113	-0.131
VNG0272H	-0.157	-0.202
VNG0715G	-0.190	 0.014
VNG2639G	 0.038	 0.159
VNG2230H	-0.172	-0.158
VNG2220G	 0.135	-0.099
VNG1833C	-0.117	-0.142
VNG5081H	 0.053	 0.030
VNG2322G	-0.206	-0.216
VNG5194C	-0.157	-0.199
VNG1464G	-0.164	-0.195
VNG0970G	 0.003	-0.136
VNG0828H	-0.074	-0.104
VNG2385H	-0.087	-0.128
VNG6294G	-0.508	-0.275
VNG0766G	-0.083	-0.180
VNG2424G	 0.158	 0.017
VNG1497C	-0.109	-0.136
VNG1112H	-0.098	-0.050
VNG1895H	-0.017	 0.009
VNG0301C	 0.111	 0.167
VNG1461H	 0.040	 0.049
VNG2365G	 0.111	-0.054
VNG1496G	 0.290	 0.341
VNG6193H	 0.058	 0.136
VNG0990H	-0.104	-0.052
VNG1700G	-0.127	 0.092
VNG0031H	-0.163	-0.181
VNG1534H	 0.114	 0.048
VNG0384G	-0.064	-0.070
VNG1256G	-0.126	-0.141
VNG0448G	-0.013	-0.060
VNG1554G	 0.115	 0.202
VNG0908G	-0.074	-0.043
VNG1185G	-0.147	-0.151
VNG0121H	-0.198	-0.137
VNG6224H	-0.185	-0.218
VNG6407H	-0.139	-0.164
VNG1238C	-0.094	-0.107
VNG0647G	 0.013	 0.047
VNG2211H	 0.000	 0.090
VNG2469G	-0.176	 0.129
VNG0659H	 0.093	 0.347
VNG1158G	-0.158	 0.159
VNG0733H	-0.090	-0.108
VNG0993H	 0.027	 0.024
VNG1351G	-0.151	-0.128
VNG0573C	-0.054	-0.071
VNG0931G	-0.034	-0.108
VNG1055G	-0.031	-0.118
VNG6430C	-0.176	-0.194
VNG6185H	-0.149	-0.140
VNG1479H	-0.042	 0.023
VNG2458C	 0.199	 0.225
VNG0595H	 0.149	 0.173
VNG0881G	-0.109	-0.069
VNG2296C	-0.119	-0.145
VNG1302H	-0.105	-0.118
VNG2011G	-0.055	-0.014
VNG1218C	-0.206	-0.228
VNG2044H	 0.084	 0.050
VNG6160H	-0.040	-0.040
VNG2403H	 0.010	 0.020
VNG0091C	-0.026	-0.022
VNG0047G	 0.106	 0.130
VNG1444G	 0.011	 0.053
VNG1297C	-0.008	 0.110
VNG1721G	-0.048	-0.066
VNG0503C	-0.194	-0.177
VNG0492H	 0.072	 0.074
VNG0800H	-0.144	-0.195
VNG1505G	-0.169	-0.120
VNG1420H	-0.067	 0.038
VNG2509H	 0.168	 0.170
VNG1520G	-0.119	-0.141
VNG1154H	 0.015	 0.035
VNG2053G	-0.007	 0.092
VNG5038H	-0.147	-0.134
VNG1590H	-0.165	-0.172
VNG2620G	-0.035	 0.042
VNG2658G	 0.006	 0.151
VNG6368H	-0.158	-0.200
VNG2067H	 0.045	 0.097
VNG0469H	-0.146	-0.177
VNG1187G	-0.140	-0.101
VNG2094G	 0.022	-0.048
VNG0666G	-0.066	 0.000
VNG1883G	-0.120	-0.142
VNG1794C	-0.160	-0.337
VNG0623G	-0.133	-0.202
VNG0364G	-0.120	-0.125
VNG2381G	 0.056	 0.069
VNG0351C	-0.174	-0.113
VNG1163G	-0.040	-0.034
VNG0422G	-0.149	-0.248
VNG0777G	-0.037	 0.010
VNG1788C	 0.265	 0.276
VNG2257G	-0.051	-0.082
VNG2130G	-0.113	-0.174
VNG5134G	-0.120	-0.139
VNG0501G	-0.165	-0.209
VNG1103G	-0.044	 0.320
VNG1638H	-0.009	-0.054
VNG0066H	 0.003	-0.045
VNG1766C	 0.042	 0.015
VNG0017H	-0.045	 0.028
VNG1949G	-0.108	-0.119
VNG1319H	-0.101	-0.131
VNG1211G	-0.095	-0.154
VNG1954H	-0.095	-0.050
VNG0941C	 0.044	 0.031
VNG6256G	-0.051	-0.067
VNG1381H	 0.260	 0.277
VNG1136G	-0.149	 0.266
VNG2279H	-0.041	-0.019
VNG1131G	-0.051	-0.063
VNG1697G	-0.215	 0.158
VNG6191H	-0.170	-0.189
VNG6326G	-0.114	-0.126
VNG5033G	-0.298	-0.233
VNG1729G	 0.007	 0.035
VNG2337C	-0.019	 0.021
VNG0080H	-0.084	-0.137
VNG0441H	-0.192	-0.215
VNG0455G	-0.202	-0.212
VNG5136G	-0.170	-0.173
VNG1294G	-0.061	 0.035
VNG2452C	-0.044	-0.002
VNG1128G	-0.041	-0.013
VNG2423G	-0.104	-0.053
VNG1890H	-0.112	-0.111
VNG6390H	-0.047	-0.069
VNG2241H	-0.012	-0.001
VNG0130H	-0.023	-0.066
VNG1283H	 0.236	 0.288
VNG6276H	-0.091	-0.019
VNG1765G	-0.097	 0.068
VNG2084G	 0.083	 0.086
VNG2352G	-0.066	-0.102
VNG0734G	-0.536	-0.252
VNG1264C	 0.029	-0.183
VNG6311G	 0.225	 0.124
VNG0738H	 0.027	 0.075
VNG1451C	-0.054	-0.069
VNG6381H	 0.178	 0.206
VNG1289H	 0.171	 0.372
VNG0676C	-0.126	-0.163
VNG0200C	-0.187	-0.236
VNG1953C	-0.158	-0.200
VNG5144H	-0.032	-0.039
VNG0847H	 0.053	 0.072
VNG1259G	-0.217	-0.197
VNG0267H	-0.079	-0.137
VNG1367G	-0.029	-0.008
VNG0801C	 0.069	-0.024
VNG0117H	 0.212	 0.200
VNG0453G	-0.155	-0.244
VNG0373H	 0.067	 0.183
VNG1795C	-0.021	-0.040
VNG1546H	-0.052	-0.093
VNG6255C	-0.016	-0.011
VNG1939G	-0.047	-0.054
VNG5129H	-0.112	-0.135
VNG1291H	-0.121	-0.062
VNG0946G	-0.087	-0.081
VNG1796H	-0.107	-0.137
VNG1453H	-0.078	-0.054
VNG6283H	-0.175	-0.163
VNG1150G	-0.060	 0.072
VNG0995H	 0.114	 0.038
VNG2216G	 0.044	 0.015
VNG1379G	-0.252	-0.065
VNG6277G	-0.154	-0.349
VNG0568C	-0.015	-0.022
VNG2109H	-0.201	-0.264
VNG1565G	 0.004	-0.002
VNG1634G	 0.090	 0.101
VNG0307G	-0.128	-0.105
VNG6159H	 0.268	 0.204
VNG2343G	-0.005	-0.012
VNG1705G	-0.130	 0.121
VNG1235C	-0.166	-0.182
VNG0838G	 0.007	-0.014
VNG0064G	-0.187	-0.205
VNG5001H	-0.108	-0.059
VNG2474C	-0.105	-0.082
VNG1060H	-0.144	-0.168
VNG2390G	-0.125	-0.131
VNG2606G	 0.141	 0.089
VNG6296C	-0.042	-0.172
VNG0303G	 0.107	-0.078
VNG1540G	-0.103	-0.144
VNG0505C	-0.201	-0.211
VNG2246H	-0.065	-0.066
VNG0396C	-0.110	-0.156
VNG1526H	-0.056	-0.142
VNG0207H	-0.276	-0.182
VNG2417G	-0.126	-0.096
VNG0335G	 0.148	 0.203
VNG2518C	-0.030	-0.027
VNG2551G	 0.078	 0.082
VNG2675C	-0.058	-0.060
VNG1383G	 0.011	 0.023
VNG0762H	-0.003	-0.001
VNG6346H	-0.072	-0.103
VNG5071C	-0.239	-0.143
VNG6348H	 0.212	 0.266
VNG2045G	-0.021	 0.049
VNG5135H	-0.124	-0.083
VNG2041H	-0.155	-0.134
VNG6272G	-0.102	-0.100
VNG0668C	-0.094	-0.105
VNG0128C	-0.059	-0.053
VNG1300H	-0.127	-0.101
VNG1490H	-0.274	-0.281
VNG1201G	-0.057	-0.048
VNG0018H	-0.121	-0.173
VNG0029H	-0.176	-0.184
VNG0050C	-0.148	-0.198
VNG2043G	-0.037	 0.041
VNG1851G	 0.158	 0.167
VNG6434H	-0.033	-0.025
VNG0365G	-0.107	-0.179
VNG1385G	-0.097	-0.107
VNG1492C	-0.169	-0.139
VNG5074C	-0.190	-0.197
VNG0716G	-0.248	-0.265
VNG2633H	 0.014	 0.026
VNG1151H	-0.196	-0.137
VNG6424H	-0.102	-0.139
VNG0436G	 0.066	 0.012
VNG2311H	-0.101	-0.154
VNG0077H	 0.031	 0.018
VNG0857C	-0.118	-0.134
VNG1063H	-0.129	-0.212
VNG0403G	-0.036	 0.001
VNG0481G	-0.040	 0.017
VNG5013G	-0.136	-0.126
VNG5079H	 0.211	 0.240
VNG0116H	 0.026	 0.020
VNG0003C	 0.091	-0.062
VNG0570H	 0.151	 0.150
VNG2455C	-0.083	 0.028
VNG2305C	-0.029	-0.028
VNG0806G	-0.044	-0.062
VNG1848H	-0.031	-0.030
VNG2524H	-0.003	-0.067
VNG1052H	-0.323	-0.286
VNG1095H	-0.102	-0.104
VNG0746C	-0.130	-0.265
VNG0086G	-0.145	-0.253
VNG0355G	-0.107	-0.160
VNG1726G	-0.082	 0.010
VNG5025G	-0.064	-0.026
VNG5021G	-0.102	-0.066
VNG2239C	-0.071	-0.073
VNG1852H	-0.099	-0.098
VNG0343H	 0.024	-0.037
VNG1026H	-0.077	-0.117
VNG6408G	-0.107	-0.117
VNG0226G	-0.038	-0.008
VNG2120G	 0.001	-0.128
VNG1533H	-0.064	-0.045
VNG2295G	-0.048	-0.083
VNG1033G	-0.051	-0.087
VNG5168H	-0.143	-0.098
VNG2276G	 0.004	 0.035
VNG1709G	-0.119	 0.171
VNG0911H	-0.070	-0.057
VNG1089G	 0.189	 0.215
VNG1130H	 0.021	-0.024
VNG5186H	-0.191	-0.214
VNG1618H	-0.145	-0.181
VNG6222H	-0.167	-0.186
VNG1287C	 0.116	 0.177
VNG2150G	 0.269	 0.171
VNG1275G	 0.020	 0.019
VNG1227H	-0.088	-0.040
VNG2397G	 0.198	 0.224
VNG1145G	-0.001	 0.069
VNG0971G	 0.070	-0.126
VNG0231C	-0.142	-0.179
VNG2589C	-0.157	-0.185
VNG1802H	-0.197	-0.277
VNG1914G	 0.101	 0.087
VNG6258C	-0.181	-0.214
VNG1666H	-0.107	-0.126
VNG6204H	-0.191	-0.204
VNG6175G	-0.131	-0.089
VNG2374G	-0.095	-0.094
VNG2176H	 0.012	 0.007
VNG0148H	-0.203	-0.240
VNG0124C	-0.166	-0.083
VNG2367G	 0.044	-0.001
VNG0837H	 0.234	 0.311
VNG0254G	-0.001	-0.093
VNG1764G	-0.115	-0.038
VNG6316G	-0.161	-0.309
VNG2358G	-0.090	-0.275
VNG0927C	-0.091	-0.125
VNG1943H	-0.036	-0.053
VNG0072H	-0.129	-0.166
VNG0769H	-0.027	 0.083
VNG2149H	 0.000	 0.068
VNG0812G	-0.078	-0.087
VNG0928G	-0.109	-0.092
VNG0485H	-0.035	-0.044
VNG1853G	-0.051	-0.123
VNG0168H	-0.156	-0.102
VNG2207H	-0.044	-0.004
VNG1339C	-0.021	-0.175
VNG1250H	 0.002	 0.041
VNG2163H	-0.074	-0.089
VNG0635G	 0.063	 0.227
VNG0964C	 0.035	 0.123
VNG6364H	 0.099	 0.124
VNG1031C	-0.032	-0.079
VNG1397C	-0.147	-0.092
VNG2527G	 0.139	-0.094
VNG0794G	-0.011	-0.073
VNG2421G	-0.177	-0.227
VNG6198H	-0.145	-0.107
VNG6330H	-0.206	-0.209
VNG2048G	 0.084	 0.250
VNG2341H	 0.150	 0.164
VNG0719G	-0.022	-0.018
VNG2306H	-0.012	 0.037
VNG0331H	-0.140	-0.156
VNG6142C	-0.123	-0.088
VNG0949G	-0.055	-0.062
VNG2170H	 0.028	-0.025
VNG5143C	-0.244	-0.293
VNG2139G	 0.031	-0.001
VNG6420H	-0.235	-0.034
VNG0711C	-0.069	-0.130
VNG5173H	 0.045	 0.374
VNG0662G	 0.080	 0.152
VNG1647G	-0.219	-0.186
VNG6173C	-0.208	-0.143
VNG2461H	-0.105	-0.117
VNG0575G	-0.029	-0.083
VNG1457C	-0.177	-0.187
VNG1084G	-0.094	-0.084
VNG0208H	-0.156	-0.159
VNG0258H	 0.065	 0.175
VNG2147G	 0.017	-0.047
VNG1488G	-0.091	-0.022
VNG1983H	-0.054	-0.005
VNG0081G	-0.126	-0.137
VNG1184G	 0.022	-0.002
VNG5008H	 0.198	 0.202
VNG6251H	-0.180	-0.115
VNG6375H	 0.018	 0.030
VNG6179G	-0.214	-0.177
VNG1438H	-0.147	-0.068
VNG1120H	-0.103	-0.085
VNG6432H	 0.212	 0.243
VNG5141G	 0.078	 0.155
VNG0297H	 0.180	 0.242
VNG1336C	 0.111	 0.165
VNG6168H	-0.180	-0.150
VNG0530G	-0.022	 0.039
VNG0199H	-0.158	-0.161
VNG1582G	-0.184	-0.185
VNG0063G	-0.026	-0.012
VNG6181H	 0.058	 0.064
VNG1733G	-0.156	-0.203
VNG1541G	-0.124	-0.103
VNG0858C	-0.137	-0.129
VNG0163G	-0.033	 0.014
VNG0909H	-0.157	-0.243
VNG0789C	-0.152	 0.151
VNG2210G	-0.009	 0.043
VNG1847G	-0.050	-0.116
VNG0726C	-0.025	 0.016
VNG6292C	-0.124	-0.142
VNG1630H	-0.163	-0.144
VNG6389G	 0.011	 0.051
VNG2099C	 0.140	 0.077
VNG1514H	 0.158	 0.229
VNG1547C	-0.149	-0.180
VNG1207C	-0.109	-0.118
VNG0440C	-0.135	-0.137
VNG0033H	-0.148	-0.151
VNG1108G	 0.188	 0.330
VNG0566C	 0.012	-0.013
VNG5180G	-0.489	-0.032
VNG0626G	-0.147	-0.219
VNG1782C	 0.063	 0.266
VNG2526G	-0.029	-0.058
VNG1701G	-0.186	 0.126
VNG2035H	-0.040	 0.070
VNG0463C	-0.204	-0.226
VNG0214C	 0.100	 0.181
VNG0845C	-0.183	-0.200
VNG2060G	-0.058	-0.058
VNG0962G	-0.233	-0.197
VNG0798H	-0.117	-0.162
VNG2173G	-0.135	-0.067
VNG6353H	-0.226	-0.210
VNG1791C	-0.019	-0.014
VNG0535C	-0.011	 0.011
VNG2199H	 0.000	-0.011
VNG0470G	-0.123	-0.185
VNG1723H	-0.098	-0.129
VNG1270H	-0.134	-0.131
VNG1236C	-0.053	-0.044
VNG0249G	 0.305	 0.281
VNG2289G	-0.041	-0.082
VNG1971G	-0.153	-0.178
VNG0061C	 0.058	 0.035
VNG6208C	-0.034	 0.102
VNG1092C	-0.071	-0.077
VNG0167H	-0.083	-0.058
VNG2508C	-0.007	-0.210
VNG0893G	 0.048	 0.062
VNG0399H	-0.019	 0.030
VNG2418G	-0.050	-0.176
VNG1459H	-0.153	-0.190
VNG2237G	 0.022	-0.009
VNG1660G	-0.141	-0.190
VNG1198C	-0.058	-0.030
VNG0671H	-0.074	-0.082
VNG0444G	-0.047	-0.053
VNG5029G	 0.258	 0.212
VNG2079G	-0.130	-0.153
VNG5003H	-0.028	 0.068
VNG1768G	 0.104	 0.177
VNG1036H	-0.083	-0.092
VNG6318G	-0.071	-0.106
VNG0532H	-0.161	-0.205
VNG0529H	-0.113	-0.104
VNG2349G	 0.041	-0.085
VNG0907H	-0.066	-0.071
VNG0759H	-0.115	-0.082
VNG1382H	-0.162	-0.145
VNG1446H	 0.023	-0.186
VNG2324H	-0.078	-0.124
VNG0209H	-0.196	-0.163
VNG1268H	-0.061	-0.012
VNG0657G	 0.151	 0.147
VNG0587H	-0.033	-0.028
VNG0590H	-0.116	-0.181
VNG6275H	-0.100	-0.094
VNG2064H	-0.118	-0.099
VNG6400H	-0.135	-0.154
VNG2317G	-0.120	-0.076
VNG1083G	-0.069	-0.003
VNG0332C	-0.136	-0.200
VNG2328H	-0.108	-0.186
VNG1232G	-0.038	-0.072
VNG1005H	 0.014	 0.044
VNG2431C	-0.065	-0.272
VNG5032G	-0.230	-0.154
VNG1654G	-0.024	-0.023
VNG0414G	-0.239	-0.253
VNG0034H	-0.171	-0.194
VNG1578H	-0.058	-0.046
VNG2135G	-0.067	 0.068
VNG0996G	-0.122	-0.175
VNG2201G	 0.105	 0.053
VNG2288G	-0.102	-0.127
VNG1410H	-0.133	-0.182
VNG0508H	-0.055	-0.068
VNG0923G	 0.110	 0.198
VNG6246G	-0.093	-0.140
VNG2180C	-0.090	-0.085
VNG0458G	-0.127	-0.200
VNG1896C	-0.066	-0.028
VNG1067G	 0.080	 0.129
VNG0450C	 0.000	-0.017
VNG0147C	-0.058	-0.033
VNG0536G	-0.278	-0.060
VNG1598H	-0.159	-0.178
VNG2392H	-0.111	-0.177
VNG2654G	-0.053	 0.079
VNG2342H	 0.089	 0.070
VNG6403H	-0.024	-0.042
VNG5053H	 0.048	 0.035
VNG0896G	 0.007	 0.073
VNG2138G	 0.189	 0.151
VNG0860G	-0.004	 0.076
VNG2219G	 0.169	-0.038
VNG0127C	-0.021	 0.005
VNG6239G	-0.156	-0.179
VNG1020C	-0.130	-0.165
VNG6387H	-0.117	-0.128
VNG0629G	-0.136	-0.101
VNG0572G	 0.013	 0.080
VNG1329H	-0.034	 0.059
VNG0601H	 0.029	 0.070
VNG0987H	 0.048	-0.031
VNG0374G	 0.070	 0.060
VNG2105H	-0.006	 0.080
VNG1776G	 0.028	 0.035
VNG6418H	-0.092	-0.121
VNG0656H	-0.037	-0.035
VNG0678G	-0.008	 0.029
VNG0959H	-0.138	-0.154
VNG0035C	 0.166	 0.178
VNG1001G	-0.209	-0.089
VNG6437C	 0.005	 0.031
VNG0640G	 0.030	 0.016
VNG1347C	-0.117	-0.130
VNG1528G	-0.140	-0.144
VNG0854C	 0.048	 0.075
VNG1427H	-0.121	-0.170
VNG1384H	-0.122	-0.128
VNG0637G	 0.033	 0.067
VNG2008H	-0.177	-0.159
VNG1693G	-0.101	 0.210
VNG0433C	-0.029	 0.081
VNG0213H	-0.057	 0.022
VNG2600G	-0.154	-0.069
VNG5050H	 0.102	 0.143
VNG2395C	-0.014	 0.064
VNG1340C	-0.165	-0.191
VNG0410G	 0.025	 0.114
VNG2612G	 0.069	 0.110
VNG0472H	 0.048	 0.173
VNG0252C	 0.077	 0.130
VNG0642C	 0.028	 0.106
VNG2049C	 0.001	 0.070
VNG1229H	-0.098	-0.113
VNG0865C	 0.018	 0.161
VNG0024H	-0.193	-0.209
VNG0023H	-0.193	-0.272
VNG5091C	-0.075	-0.075
VNG0709C	-0.091	-0.110
VNG2247G	-0.148	-0.203
VNG5165H	-0.167	-0.199
VNG1027G	-0.110	-0.072
VNG0683C	 0.042	 0.008
VNG2104G	-0.014	-0.108
VNG0945H	-0.078	-0.077
VNG2002H	 0.001	-0.006
VNG0143H	-0.195	-0.216
VNG2513G	-0.218	-0.222
VNG1332G	-0.080	-0.120
VNG1861C	-0.025	 0.059
VNG0727C	-0.032	-0.003
VNG0285C	 0.054	 0.096
VNG6145H	 0.201	 0.224
VNG2377G	-0.033	-0.177
VNG0049H	 0.233	 0.194
VNG0825C	-0.067	-0.093
VNG1345H	-0.119	-0.063
VNG1555G	 0.146	 0.120
VNG1482G	 0.011	 0.051
VNG1214H	 0.047	 0.021
VNG1702G	-0.134	 0.181
VNG6359H	-0.090	-0.074
VNG0057H	-0.041	-0.051
VNG1887G	-0.048	-0.058
VNG2440H	-0.086	-0.087
VNG2292H	-0.127	-0.144
VNG6162H	-0.100	-0.143
VNG1882G	-0.108	-0.152
VNG0523G	-0.104	-0.130
VNG2307C	-0.107	-0.071
VNG0107G	 0.000	-0.016
VNG6320C	-0.034	-0.074
VNG5118H	-0.063	-0.033
VNG1927H	-0.101	-0.136
VNG6385H	-0.159	-0.161
VNG2003G	-0.042	-0.013
VNG2333C	-0.078	-0.026
VNG2371C	-0.085	-0.029
VNG1134G	-0.044	 0.318
VNG0549G	-0.237	 0.062
VNG2340H	-0.034	-0.113
VNG1357C	-0.072	-0.076
VNG1568G	 0.127	 0.004
VNG1577C	-0.120	-0.117
VNG1069C	-0.024	-0.032
VNG2019C	-0.068	-0.061
VNG2128C	-0.056	 0.028
VNG0306C	-0.151	-0.219
VNG0930G	-0.197	-0.251
VNG1276C	-0.096	-0.153
VNG2673H	-0.016	-0.064
VNG1272C	-0.109	-0.179
VNG5035G	-0.017	-0.052
VNG0491G	 0.016	 0.136
VNG6170H	-0.122	-0.117
VNG0974G	 0.034	-0.132
VNG0594H	-0.091	-0.146
VNG2363G	-0.102	-0.169
VNG0550G	-0.138	 0.175
VNG6293C	-0.106	-0.065
VNG1592G	-0.130	-0.144
VNG2664G	-0.182	 0.111
VNG6313G	-0.202	-0.224
VNG0028C	 0.444	 0.463
VNG2580C	-0.073	-0.130
VNG1645H	 0.010	-0.048
VNG2507G	 0.008	 0.014
VNG2544H	-0.222	-0.197
VNG2119C	-0.101	-0.111
VNG5116H	 0.190	 0.287
VNG6378H	-0.126	-0.163
VNG1535G	-0.112	-0.064
VNG2062G	-0.036	-0.018
VNG1202C	-0.007	 0.053
VNG6236G	-0.102	-0.147
VNG2001G	-0.106	-0.119
VNG0631C	-0.045	-0.050
VNG0176H	-0.079	-0.018
VNG1826H	-0.030	-0.053
VNG1977H	-0.055	-0.105
VNG1039H	 0.303	 0.394
VNG6370H	-0.127	-0.225
VNG0220H	-0.011	-0.070
VNG6361G	-0.128	-0.119
VNG2021C	 0.077	 0.030
VNG0357H	-0.030	-0.067
VNG1471C	-0.163	-0.030
VNG1864G	-0.098	-0.134
VNG0205H	 0.135	 0.034
VNG1230G	-0.070	-0.103
VNG0192G	-0.008	-0.177
VNG1675H	 0.123	 0.154
VNG0494G	 0.046	 0.081
VNG0991H	 0.066	 0.068
VNG2668G	-0.322	 0.017
VNG1946G	-0.134	-0.111
VNG0415G	-0.131	-0.114
VNG0867G	-0.063	 0.017
VNG1804G	 0.186	 0.190
VNG0022H	-0.185	-0.202
VNG0891G	-0.004	 0.058
VNG1550G	 0.216	 0.278
VNG0925C	 0.167	 0.141
VNG0271C	-0.035	-0.049
VNG1603G	-0.045	-0.091
VNG0255C	-0.065	-0.039
VNG6230G	-0.128	-0.159
VNG1442G	-0.075	-0.082
VNG2515H	-0.072	 0.006
VNG6005H	-0.157	-0.189
VNG0627G	-0.056	-0.117
VNG1920H	-0.033	-0.032
VNG1501G	-0.002	 0.025
VNG2661G	-0.188	 0.074
VNG6431H	-0.112	-0.149
VNG1121G	-0.153	-0.279
VNG2302G	-0.123	-0.206
VNG5061C	-0.120	-0.233
VNG2490H	-0.100	-0.111
VNG2638G	 0.101	 0.109
VNG2051G	 0.086	 0.157
VNG1906H	 0.211	 0.257
VNG0300C	-0.136	-0.197
VNG0591C	-0.119	-0.108
VNG0831G	-0.146	-0.127
VNG2595G	-0.107	-0.076
VNG2112C	-0.178	-0.165
VNG1041H	-0.159	-0.183
VNG1839H	-0.121	-0.154
VNG2203G	-0.075	-0.103
VNG2445C	-0.095	-0.080
VNG1963H	-0.168	-0.192
VNG0060G	-0.031	-0.034
VNG2575G	-0.192	-0.036
VNG1179C	-0.097	-0.141
VNG2140G	 0.013	-0.045
VNG0438G	 0.068	 0.078
VNG0679G	 0.006	-0.080
VNG1418C	-0.194	-0.202
VNG6163H	-0.165	-0.124
VNG0251C	-0.036	-0.016
VNG2162C	 0.010	-0.047
VNG2523H	 0.012	-0.075
VNG0821C	-0.065	-0.013
VNG2156C	 0.132	 0.178
VNG1867G	-0.098	-0.098
VNG1646G	-0.166	-0.138
VNG5181G	-0.739	-0.306
VNG2549C	 0.161	 0.136
VNG0870G	-0.170	-0.177
VNG0979H	-0.153	-0.179
VNG6337G	-0.135	-0.122
VNG2081H	-0.215	-0.226
VNG2195G	 0.095	 0.132
VNG0266H	-0.080	-0.114
VNG2268H	-0.079	-0.033
VNG1924G	-0.063	-0.168
VNG1500H	-0.035	-0.074
VNG0188H	-0.166	-0.199
VNG0596H	-0.165	-0.174
VNG6156H	 0.015	 0.033
VNG2017G	 0.023	 0.075
VNG2270G	 0.135	 0.197
VNG0498C	 0.350	 0.427
VNG5010G	 0.148	 0.079
VNG1623G	-0.038	-0.034
VNG1440H	 0.003	 0.016
VNG1621H	-0.104	-0.176
VNG1589C	-0.061	-0.127
VNG1536C	 0.204	 0.170
VNG2480H	-0.092	-0.330
VNG1932G	-0.079	-0.143
VNG5057G	 0.109	 0.044
VNG5120H	-0.026	-0.036
VNG0237H	-0.050	 0.124
VNG0190C	-0.103	-0.097
VNG1025H	-0.067	-0.283
VNG2582H	-0.338	-0.237
VNG1413H	-0.047	-0.073
VNG2665G	-0.269	 0.024
VNG2384G	-0.059	-0.048
VNG6286H	-0.147	-0.129
VNG1957G	-0.118	-0.073
VNG1056C	 0.001	 0.039
VNG2629G	-0.019	-0.011
VNG0543H	-0.002	 0.093
VNG2607C	 0.056	 0.003
VNG0745G	-0.174	-0.268
VNG1658C	-0.045	-0.106
VNG0161G	 0.236	 0.106
VNG2412H	-0.033	-0.047
VNG2269G	 0.158	 0.221
VNG2167G	-0.174	-0.083
VNG1366H	-0.008	-0.037
VNG0230C	-0.016	-0.068
VNG0551G	-0.128	 0.173
VNG0277G	-0.137	-0.187
VNG1679H	-0.053	-0.057
VNG1640H	-0.111	-0.121
VNG0467G	-0.500	-0.401
VNG1518H	-0.054	-0.062
VNG6197H	-0.143	-0.124
VNG1305G	-0.174	-0.127
VNG6199G	-0.175	-0.161
VNG1874C	-0.158	 0.006
VNG1353C	-0.092	-0.107
VNG1141G	-0.062	 0.260
VNG2286G	-0.058	-0.093
VNG6366H	-0.207	-0.219
VNG0487H	-0.029	 0.060
VNG1907H	 0.095	 0.256
VNG6340H	-0.078	-0.022
VNG0311H	 0.032	 0.148
VNG1814G	 0.088	 0.013
VNG6225C	-0.090	-0.143
VNG6429H	-0.056	-0.067
VNG1607G	-0.055	-0.068
VNG0677H	-0.106	-0.126
VNG0420H	-0.030	-0.006
VNG1719G	-0.130	 0.007
VNG1631G	-0.026	-0.033
VNG2123G	-0.115	 0.009
VNG0564H	 0.072	 0.034
VNG0153C	-0.040	-0.177
VNG1085H	 0.188	 0.244
VNG1917H	 0.123	 0.194
VNG2679G	-0.096	-0.038
VNG6166H	-0.178	-0.187
VNG0183G	 0.053	 0.011
VNG1933G	 0.042	-0.145
VNG1029C	-0.017	-0.067
VNG0804C	-0.102	-0.201
VNG2236H	-0.143	-0.192
VNG0471C	-0.099	 0.003
VNG1912G	 0.103	 0.080
VNG0437C	-0.127	-0.196
VNG0751C	-0.103	-0.238
VNG1249C	-0.071	-0.058
VNG2520C	 0.012	-0.074
VNG2242C	-0.089	-0.084
VNG1681C	-0.023	-0.019
VNG2206G	-0.011	 0.025
VNG1868G	-0.147	-0.156
VNG0234C	-0.094	 0.032
VNG0428G	 0.063	 0.002
VNG1219G	-0.064	-0.093
VNG5177C	-0.256	 0.106
VNG2082G	-0.085	-0.095
VNG1087C	-0.002	-0.033
VNG0772H	-0.149	-0.161
VNG0879C	-0.015	 0.004
VNG0823G	 0.056	 0.005
VNG0187H	-0.048	-0.039
VNG0615C	-0.044	-0.079
VNG0748G	-0.038	-0.148
VNG1251G	-0.159	-0.185
VNG0011C	 0.003	-0.004
VNG1937C	-0.140	-0.110
VNG1837G	-0.046	-0.081
VNG0360C	-0.111	-0.194
VNG0808G	-0.083	-0.079
VNG1308G	 0.109	 0.031
VNG5195H	 0.073	 0.096
VNG2136G	-0.094	-0.103
VNG1197G	-0.110	-0.079
VNG1493G	-0.128	-0.153
VNG0139H	-0.131	-0.172
VNG2398G	-0.053	-0.061
VNG0488H	 0.082	 0.156
VNG0076H	-0.102	-0.163
VNG1478G	-0.035	-0.117
VNG1252G	-0.094	-0.174
VNG0675C	-0.086	-0.150
VNG6379C	-0.042	-0.048
VNG6216G	-0.045	-0.071
VNG2213G	 0.034	 0.111
VNG6301G	-0.384	-0.517
VNG0593G	-0.044	-0.033
VNG1428G	-0.077	-0.111
VNG2056G	-0.048	 0.091
VNG2196G	 0.304	 0.299
VNG1062G	-0.112	-0.039
VNG1024C	 0.033	-0.086
VNG2546G	-0.059	-0.125
VNG0942G	 0.075	 0.041
VNG2472G	-0.076	-0.081
VNG6206H	-0.164	-0.233
VNG1255C	-0.091	-0.152
VNG2454C	-0.124	-0.127
VNG1140G	-0.205	 0.203
VNG0430H	-0.135	-0.141
VNG2267G	-0.062	-0.035
VNG0966G	 0.049	-0.107
VNG0465G	-0.132	-0.132
VNG5088H	-0.023	-0.061
VNG5115H	-0.102	-0.095
VNG0673G	-0.000	-0.089
VNG2641H	 0.125	 0.104
VNG1724G	-0.088	 0.003
VNG0836H	-0.128	-0.158
VNG0852C	-0.119	-0.112
VNG2566H	-0.131	-0.124
VNG0509H	 0.072	 0.174
VNG2157C	 0.065	 0.110
VNG0113H	-0.171	-0.191
VNG0560C	 0.006	-0.077
VNG2028H	 0.041	 0.073
VNG2531G	 0.080	-0.120
VNG0194H	-0.095	-0.102
VNG1674H	-0.167	-0.190
VNG2032G	-0.003	 0.002
VNG1394H	 0.132	 0.162
VNG0903C	 0.032	 0.096
VNG1012H	-0.296	-0.226
VNG2313H	-0.122	-0.097
VNG1266G	-0.101	-0.098
VNG0924G	 0.258	 0.295
VNG1475C	-0.139	-0.094
VNG5028G	-0.073	-0.123
VNG1253C	-0.097	-0.201
VNG6214G	-0.051	-0.061
VNG2076G	 0.097	 0.268
VNG1934H	 0.122	 0.033
VNG2024H	-0.158	-0.148
VNG1324C	-0.179	-0.103
VNG0039H	-0.026	-0.058
VNG0665G	 0.056	 0.149
VNG1846C	-0.073	-0.054
VNG6299G	-0.156	-0.152
VNG1458G	-0.117	-0.141
VNG0160G	-0.145	-0.201
VNG1370G	-0.137	-0.121
VNG1832H	-0.102	-0.097
VNG1530H	-0.052	 0.046
VNG6298C	-0.169	-0.157
VNG6334H	-0.188	-0.188
VNG1649G	-0.229	-0.209
VNG1360H	-0.048	-0.064
VNG6203H	-0.087	-0.130
VNG0314G	 0.005	 0.109
VNG5178H	-0.521	-0.030
VNG2634H	-0.046	-0.063
VNG1779C	-0.077	-0.012
VNG0778C	 0.009	 0.056
VNG0141H	-0.060	-0.052
VNG2335H	 0.191	 0.202
VNG1174G	-0.007	-0.001
VNG0992H	-0.038	-0.121
VNG0749G	-0.106	-0.267
VNG1673G	 0.065	 0.123
VNG0700G	-0.791	-0.643
VNG2253H	 0.131	 0.153
VNG1463G	-0.144	-0.153
VNG1655H	-0.137	-0.104
VNG0394C	 0.062	 0.086
VNG2091H	 0.127	 0.214
VNG1309G	 0.070	 0.069
VNG1967G	-0.008	-0.024
VNG0574C	 0.000	-0.008
VNG0648G	 0.082	 0.133
VNG6306C	-0.062	-0.062
VNG1364G	-0.242	-0.258
VNG5104H	-0.247	-0.208
VNG2627C	 0.111	-0.008
VNG0172G	-0.079	-0.070
VNG0533H	-0.042	-0.205
VNG1342G	-0.171	-0.241
VNG0008G	 0.003	-0.034
VNG1125G	 0.103	 0.043
VNG2648G	 0.007	 0.117
VNG1985C	-0.089	-0.057
VNG2415H	 0.173	 0.310
VNG0079H	-0.161	-0.193
VNG2547G	 0.078	 0.169
VNG5149H	-0.178	-0.206
VNG2439H	-0.171	-0.210
VNG2502C	-0.087	-0.089
VNG1798H	-0.205	-0.141
VNG6402H	-0.025	-0.009
VNG0427G	-0.179	-0.223
VNG1182H	-0.016	-0.002
VNG0862G	-0.039	 0.049
VNG2133H	-0.083	-0.009
VNG1806H	-0.003	-0.185
VNG0387G	-0.122	-0.161
VNG5011H	-0.019	-0.025
VNG2396G	 0.007	 0.064
VNG0834C	-0.024	-0.007
VNG1165G	-0.036	-0.018
VNG2586C	-0.100	-0.096
VNG5183G	-0.454	-0.243
VNG0779C	-0.042	-0.026
VNG0196H	-0.153	-0.197
VNG2151G	 0.221	 0.105
VNG1090H	 0.128	 0.194
VNG1325C	 0.019	 0.024
VNG5126G	-0.116	-0.111
VNG0609C	 0.161	 0.343
VNG6152H	-0.094	-0.136
VNG0965C	-0.137	-0.105
VNG6427H	-0.166	-0.178
VNG1980C	-0.129	-0.092
VNG5027G	 0.028	 0.032
VNG1110C	 0.032	 0.135
VNG1317H	-0.180	-0.207
VNG1760G	-0.086	-0.170
VNG2496G	-0.024	-0.038
VNG6372H	-0.115	-0.060
VNG2102G	 0.067	 0.016
VNG6357H	-0.190	-0.171
VNG5185H	 0.202	 0.274
VNG0732G	-0.486	-0.076
VNG0390G	 0.013	-0.069
VNG1423H	 0.013	 0.015
VNG0184H	-0.045	-0.043
VNG1159G	-0.119	 0.142
VNG1820H	-0.027	-0.034
VNG1498G	 0.118	 0.141
VNG0349G	-0.063	-0.093
VNG1611C	 0.068	 0.111
VNG0753G	-0.075	-0.014
VNG1205C	-0.121	-0.150
VNG1260C	-0.110	-0.123
VNG2493C	-0.056	-0.083
VNG1510C	-0.125	-0.110
VNG0320H	-0.020	 0.047
VNG2356G	-0.089	-0.055
VNG1183H	-0.048	-0.087
VNG0599C	-0.022	 0.004
VNG1105G	 0.049	 0.375
VNG0097G	 0.033	-0.045
VNG1816G	 0.208	 0.237
VNG0684G	-0.049	-0.063
VNG1773G	-0.017	 0.018
VNG5176C	-0.468	 0.003
VNG6158H	-0.161	-0.146
VNG1650H	-0.129	-0.146
VNG2166C	-0.082	-0.109
VNG0630G	 0.050	 0.091
VNG1842H	-0.045	-0.059
VNG1664H	 0.068	-0.053
VNG2281C	-0.108	-0.190
VNG6171H	-0.078	-0.092
VNG0559G	-0.007	 0.113
VNG0070H	-0.062	-0.086
VNG2410G	 0.039	-0.025
VNG2312C	-0.106	-0.100
VNG1532G	 0.030	-0.054
VNG1157G	-0.187	 0.102
VNG2596G	-0.046	-0.063
VNG1605G	 0.054	 0.017
VNG5062C	-0.165	-0.164
VNG1663C	 0.194	-0.004
VNG2598G	-0.094	-0.073
VNG2080C	-0.081	-0.108
VNG0799C	-0.122	-0.126
VNG0189C	-0.148	-0.185
VNG6354G	-0.097	-0.074
VNG0055H	-0.174	-0.281
VNG1902H	-0.133	-0.141
VNG1657H	-0.073	-0.060
VNG0483C	-0.142	-0.193
VNG1075G	-0.154	-0.162
VNG5146H	 0.076	 0.075
VNG0937G	-0.459	-0.209
VNG2467G	-0.077	 0.202
VNG1398C	-0.179	-0.183
VNG1739G	-0.034	-0.069
VNG2308G	 0.143	 0.155
VNG0215C	-0.212	-0.186
VNG0973G	-0.060	-0.170
VNG1699C	-0.310	 0.077
VNG0132C	-0.201	-0.148
VNG2029H	-0.121	-0.129
VNG0703H	-0.281	-0.125
VNG0921G	 0.094	 0.156
VNG2122G	 0.125	 0.023
VNG1335G	-0.102	-0.159
VNG1737H	-0.091	-0.051
VNG2525H	-0.012	-0.050
VNG1237C	-0.091	-0.156
VNG2393G	-0.044	-0.185
VNG5009H	 0.072	 0.098
VNG1783H	-0.140	-0.180
VNG0818C	 0.193	 0.179
VNG1716G	-0.047	 0.125
VNG1448H	-0.032	-0.068
VNG0102C	 0.007	 0.007
VNG0119H	-0.059	-0.114
VNG2558G	 0.134	 0.082
VNG5119H	-0.085	-0.090
VNG5167H	-0.119	-0.136
VNG0784G	 0.118	 0.175
VNG1169C	 0.045	 0.168
VNG2214G	-0.218	-0.194
VNG1962C	-0.108	-0.129
VNG5007H	-0.109	-0.071
VNG0717H	-0.090	-0.046
VNG5093C	 0.007	 0.076
VNG1042H	-0.170	-0.133
VNG1160G	-0.173	 0.098
VNG2238C	-0.036	-0.114
VNG1572C	-0.002	 0.024
VNG2100G	-0.156	-0.147
VNG1246H	-0.020	 0.010
VNG1138G	-0.301	 0.150
VNG6317G	-0.246	-0.301
VNG1435G	-0.195	-0.059
VNG1838H	-0.151	-0.155
VNG1162H	-0.235	-0.193
VNG1474G	-0.151	-0.211
VNG2243G	-0.106	-0.144
VNG6194H	-0.083	-0.130
VNG2366C	-0.255	-0.199
VNG1606G	 0.070	 0.082
VNG0289H	-0.124	-0.154
VNG1680G	-0.089	-0.038
VNG2368G	-0.088	-0.073
VNG1884G	-0.103	-0.143
VNG1233G	-0.073	-0.159
VNG2177H	-0.161	-0.115
VNG1341G	-0.130	-0.134
VNG0123G	-0.206	-0.113
VNG2647G	-0.041	-0.085
VNG1734H	-0.191	-0.237
VNG0636G	-0.061	 0.071
VNG0878G	-0.097	-0.094
VNG6233G	 0.019	 0.004
VNG1466H	 0.039	 0.084
VNG0624H	-0.117	-0.140
VNG2132G	-0.191	-0.193
VNG0961G	-0.257	-0.103
VNG6325H	-0.154	-0.136
VNG0565C	 0.014	-0.050
VNG6183C	-0.010	 0.057
VNG2483G	-0.306	-0.431
VNG0040C	-0.111	-0.097
VNG6211G	-0.044	-0.112
VNG1226H	 0.065	 0.128
VNG1473H	-0.537	-0.426
VNG1570H	-0.092	-0.109
VNG2273H	 0.215	 0.278
VNG1002H	-0.044	-0.088
VNG0849C	 0.085	 0.048
VNG2179H	-0.113	-0.057
VNG1175G	-0.057	-0.135
VNG6412H	-0.071	-0.112
VNG2433H	-0.030	-0.376
VNG2514G	 0.064	 0.119
VNG2315H	-0.057	-0.081
VNG6344H	-0.194	-0.178
VNG1508C	-0.108	-0.086
VNG2034H	-0.201	-0.191
VNG0868H	-0.073	-0.039
VNG1000H	-0.050	-0.104
VNG2599H	 0.165	 0.233
VNG0352H	 0.058	-0.002
VNG0724H	 0.073	 0.095
VNG1800H	-0.176	 0.082
VNG1178H	-0.123	-0.151
VNG0654C	-0.026	-0.127
VNG0674C	-0.068	-0.149
VNG0053H	 0.198	 0.280
VNG6411H	-0.182	-0.158
VNG6284H	-0.174	-0.180
VNG2477H	-0.174	-0.418
VNG1901C	-0.079	-0.054
VNG1678H	-0.120	-0.086
VNG0782H	 0.157	 0.187
VNG1452G	-0.021	-0.024
VNG2274C	-0.230	-0.130
VNG0720G	-0.069	-0.119
VNG1872C	-0.122	-0.108
VNG2222G	 0.091	 0.056
VNG1711G	-0.011	 0.121
VNG1409C	-0.083	-0.023
VNG0641C	 0.022	 0.106
VNG2383G	 0.211	 0.261
VNG1330H	-0.135	-0.183
VNG1196H	 0.021	 0.076
VNG0329G	 0.039	-0.012
VNG1903C	-0.141	-0.164
VNG2404G	-0.095	-0.093
VNG2437G	-0.180	-0.515
VNG2594C	-0.091	-0.121
VNG0238H	-0.174	-0.217
VNG1071G	-0.080	-0.066
VNG0873G	-0.077	-0.049
VNG1632G	 0.106	 0.088
VNG0380G	-0.034	-0.025
VNG1754G	-0.169	-0.212
VNG1008G	-0.133	-0.031
VNG1945G	-0.002	-0.024
VNG1538H	-0.006	 0.015
VNG6201G	-0.157	-0.113
VNG0157G	-0.235	-0.177
VNG5066G	 0.179	 0.241
VNG2459G	 0.032	 0.029
VNG0038H	 0.077	-0.007
VNG0787G	-0.247	 0.075
VNG5080H	-0.136	-0.179
VNG2234G	-0.041	-0.053
VNG2078G	-0.093	-0.135
VNG0327G	 0.071	 0.084
VNG0419C	-0.045	-0.086
VNG1905C	 0.001	 0.015
VNG0926H	-0.116	-0.186
VNG2005G	-0.072	-0.057
VNG0026C	-0.086	-0.146
VNG1115H	-0.031	 0.013
VNG0499G	 0.226	 0.306
VNG1613H	 0.265	 0.320
VNG2419C	-0.118	-0.116
VNG2254C	-0.080	-0.062
VNG0339H	-0.140	-0.183
VNG0270C	-0.118	-0.051
VNG2416G	-0.017	 0.017
VNG0763G	-0.076	-0.098
VNG1972G	-0.086	-0.087
VNG0293H	-0.077	-0.212
VNG0537C	 0.069	-0.037
VNG6438G	-0.138	-0.157
VNG0592G	-0.071	 0.004
VNG2577C	-0.091	 0.001
VNG0383H	-0.022	-0.074
VNG2441G	 0.022	 0.013
VNG2251G	-0.010	-0.148
VNG1365C	-0.068	-0.054
VNG1470G	 0.139	 0.231
VNG1986C	-0.087	-0.119
VNG0069H	-0.088	-0.117
VNG1628G	-0.149	-0.125
VNG1144H	-0.138	-0.161
VNG0814C	-0.179	-0.188
VNG2436G	-0.136	-0.357
VNG5023G	-0.157	-0.115
VNG0146H	 0.069	 0.082
VNG5164C	-0.074	-0.020
VNG0393C	-0.095	-0.130
VNG2570G	-0.043	-0.044
VNG5042H	-0.067	 0.040
VNG0197C	-0.059	-0.016
VNG6362G	-0.171	-0.184
VNG2560G	 0.188	 0.151
VNG0824G	 0.009	-0.153
VNG2240G	-0.068	-0.065
VNG2541C	-0.005	-0.070
VNG1748C	-0.106	-0.128
VNG0376G	-0.008	-0.040
VNG5063H	-0.126	-0.171
VNG6177G	-0.156	-0.099
VNG6351G	-0.112	-0.097
VNG0553C	-0.012	-0.052
VNG6221H	 0.074	 0.065
VNG2218G	 0.213	 0.007
VNG1785G	 0.159	 0.183
VNG0431G	 0.047	 0.164
VNG1877C	 0.006	 0.088
VNG0688H	-0.220	-0.242
VNG1241G	-0.032	-0.027
VNG0830G	-0.074	-0.098
VNG6254C	-0.179	-0.149
VNG2552G	 0.037	 0.014
VNG2233C	 0.002	 0.029
VNG6223C	 0.013	 0.043
VNG2471G	-0.025	-0.040
VNG2217G	 0.136	-0.075
VNG2615C	-0.019	-0.041
VNG1395G	-0.183	-0.208
VNG1407C	-0.056	 0.013
VNG2386C	-0.158	-0.178
VNG0067H	 0.018	-0.076
VNG1595C	-0.132	-0.128
VNG2574G	-0.105	-0.100
VNG0110C	-0.070	-0.165
VNG0181G	-0.117	-0.130
VNG2054H	-0.172	 0.013
VNG1137G	-0.128	 0.262
VNG2642H	 0.149	 0.206
VNG2042H	-0.074	-0.057
VNG6297C	-0.099	-0.140
VNG1557G	 0.127	 0.157
VNG6315G	-0.210	-0.324
VNG1234C	-0.076	-0.085
VNG0125H	 0.018	-0.088
VNG1245C	-0.066	-0.093
VNG1350C	-0.315	-0.135
VNG1007H	 0.117	 0.128
VNG0009G	-0.025	-0.059
VNG1815G	 0.073	 0.073
VNG5189H	 0.018	 0.016
VNG1875G	 0.021	 0.041
VNG0129G	 0.063	-0.006
VNG2562H	 0.048	 0.023
VNG2165H	-0.026	-0.014
VNG6178G	-0.236	-0.196
VNG0583G	-0.013	-0.041
VNG0954C	-0.012	-0.011
VNG6265G	-0.351	-0.605
VNG2499G	 0.039	-0.103
VNG0479G	-0.074	-0.080
VNG1707G	 0.041	 0.215
VNG1117C	-0.043	-0.050
VNG1706G	-0.337	 0.050
VNG5064H	-0.228	-0.200
VNG2486G	-0.431	-0.446
VNG2144G	 0.058	 0.046
VNG0889G	 0.002	 0.000
VNG0032H	-0.140	-0.162
VNG0810H	-0.076	 0.026
VNG0101G	 0.154	 0.215
VNG0262C	-0.179	-0.198
VNG1153G	-0.105	-0.096
VNG2310H	-0.032	-0.070
VNG1823C	-0.039	-0.090
VNG5137H	-0.090	-0.002
VNG0608C	-0.107	-0.071
VNG1564H	 0.174	 0.131
VNG2408C	-0.069	-0.104
VNG0557H	-0.359	-0.317
VNG1303C	-0.120	-0.163
VNG1993H	-0.065	-0.091
VNG2015C	 0.053	 0.180
VNG1220H	 0.093	 0.115
VNG0177G	-0.079	 0.315
VNG1573G	-0.117	-0.104
VNG2556H	 0.138	 0.101
VNG0664G	-0.087	-0.093
VNG2669G	 0.004	 0.063
VNG0283C	-0.059	-0.127
VNG0216H	-0.135	-0.195
VNG2351C	 0.069	 0.064
VNG0740C	-0.116	-0.141
VNG2086G	-0.012	-0.040
VNG6312G	 0.068	 0.044
VNG1190G	-0.185	-0.153
VNG2014H	-0.193	-0.184
VNG0104G	-0.149	-0.154
VNG0312H	-0.137	-0.059
VNG0442G	-0.017	-0.077
VNG0386G	-0.084	-0.116
VNG1688C	-0.028	 0.272
VNG1746C	-0.098	-0.141
VNG2488C	-0.079	-0.071
VNG1774G	 0.024	 0.140
VNG1942H	 0.097	 0.087
VNG2674H	-0.055	-0.146
VNG0367H	-0.136	-0.162
VNG2512G	-0.162	-0.212
VNG1023C	-0.094	-0.254
VNG0934H	-0.116	-0.139
VNG2628H	 0.014	 0.027
VNG1999H	-0.003	 0.033
VNG0955G	 0.011	-0.032
VNG2602G	-0.140	-0.070
VNG2158G	-0.028	 0.016
VNG6291H	-0.159	-0.151
VNG5012H	 0.037	 0.059
VNG6250G	-0.090	-0.058
VNG1859G	-0.146	-0.122
VNG1228C	-0.114	-0.128
VNG0389C	-0.095	-0.096
VNG1414G	 0.223	 0.099
VNG0669H	-0.130	-0.131
VNG1926G	 0.034	 0.060
VNG2534C	-0.087	-0.104
VNG1374G	-0.124	-0.167
VNG1997G	-0.124	 0.071
VNG1676G	-0.041	-0.096
VNG2644C	 0.110	 0.021
VNG5078G	-0.158	-0.277
VNG1542G	 0.050	 0.021
VNG0265G	-0.061	-0.114
VNG6176G	-0.257	-0.211
VNG2378G	 0.034	-0.106
VNG0898G	-0.004	-0.009
VNG0983C	-0.009	 0.048
VNG2294G	 0.026	 0.000
VNG0240C	-0.137	-0.176
VNG6244G	 0.004	 0.003
VNG0027H	 0.048	 0.019
VNG1380H	-0.078	-0.282
VNG0512G	-0.114	-0.166
VNG0268C	-0.067	-0.050
VNG0075H	-0.102	-0.132
VNG1911G	-0.023	-0.014
VNG2379H	-0.079	-0.084
VNG6302C	-0.127	-0.070
VNG5131H	-0.164	-0.164
VNG0667G	-0.030	 0.077
VNG2617G	-0.060	-0.152
VNG1099C	-0.076	-0.049
VNG6329H	-0.106	-0.178
VNG0708H	 0.029	-0.021
VNG1494G	 0.171	 0.340
VNG0315G	-0.424	 0.077
VNG0887G	 0.078	 0.108
VNG0506H	-0.111	-0.125
VNG1703G	-0.140	 0.197
VNG2106G	-0.034	-0.054
VNG2256G	-0.030	-0.037
VNG2184G	-0.121	-0.142
VNG0361C	-0.019	 0.041
VNG5073H	-0.102	-0.169
VNG0134G	 0.094	 0.106
VNG2110C	-0.081	-0.105
VNG2285C	-0.072	-0.071
VNG5055G	 0.198	 0.175
VNG0562C	-0.008	-0.072
VNG0244H	 0.003	-0.040
VNG0997G	-0.129	-0.298
VNG2298H	-0.137	-0.130
VNG1057C	 0.021	-0.034
VNG1015H	-0.120	-0.173
VNG2282C	-0.035	-0.062
VNG1781C	-0.219	-0.219
VNG0646G	 0.030	 0.081
VNG2338G	-0.060	-0.073
VNG1769C	-0.154	-0.197
VNG6260G	 0.079	 0.133
VNG2332G	-0.033	 0.000
VNG0917G	-0.155	-0.105
VNG2330G	-0.094	-0.111
VNG0816G	-0.144	-0.143
VNG1991H	-0.119	-0.165
VNG2532H	 0.108	 0.029
VNG0013C	 0.083	 0.039
VNG0133G	 0.040	 0.043
VNG2376H	-0.100	-0.097
VNG1139G	 0.026	 0.281
VNG2611G	-0.052	-0.076
VNG1191G	-0.212	-0.175
VNG1468H	-0.179	-0.231
VNG2160C	-0.039	-0.064
VNG0308G	-0.174	-0.230
VNG2498H	-0.131	-0.078
VNG6189H	-0.208	-0.159
VNG1326H	 0.263	 0.087
VNG2197H	 0.229	 0.121
VNG5097H	-0.110	-0.004
VNG5020G	-0.082	-0.046
VNG6373G	-0.180	-0.176
VNG2301G	 0.091	 0.170
VNG2093G	 0.170	-0.168
VNG0698H	-0.012	 0.035
VNG2446H	-0.076	-0.036
VNG6195H	-0.105	-0.062
VNG1740C	 0.060	 0.051
VNG1960H	 0.036	 0.003
VNG1916H	-0.003	 0.018
VNG0511H	-0.178	-0.165
VNG0953C	 0.009	 0.052
VNG0555C	-0.053	-0.093
VNG0681G	 0.082	-0.015
VNG2183H	-0.061	-0.051
VNG5030G	-0.273	-0.283
VNG1551G	 0.095	 0.141
VNG1684G	-0.053	-0.057
VNG1263C	 0.187	 0.248
VNG0233H	-0.052	 0.054
VNG2449G	-0.052	 0.143
VNG0518H	-0.106	-0.177
VNG2297H	-0.039	-0.067
VNG1093C	 0.057	 0.019
VNG2537G	 0.124	 0.086
VNG6281G	 0.044	-0.279
VNG0723G	-0.106	-0.176
VNG1239H	-0.023	 0.007
VNG1624G	 0.076	 0.029
VNG1454C	-0.086	-0.065
VNG0046G	 0.082	 0.064
VNG6149H	-0.068	-0.115
VNG2010G	 0.068	 0.172
VNG0084G	-0.066	-0.104
VNG6182H	-0.214	-0.057
VNG2414H	-0.124	-0.088
VNG0761G	-0.148	-0.120
VNG5156H	-0.083	-0.062
VNG1164C	-0.125	-0.092
VNG2529G	 0.046	-0.082
VNG2124C	-0.051	-0.060
VNG0822C	-0.027	 0.003
VNG1849H	-0.095	-0.106
VNG1123G	-0.210	-0.027
VNG1273G	-0.111	-0.209
VNG0378C	-0.064	 0.006
VNG1486H	 0.060	 0.064
VNG1959G	-0.027	-0.053
VNG1720H	 0.116	 0.164
VNG0051G	 0.102	 0.092
VNG1771C	-0.058	-0.030
VNG0960G	-0.213	-0.218
VNG0864G	-0.073	-0.118
VNG1690G	 0.023	 0.331
VNG0446G	-0.140	-0.141
VNG1295H	-0.198	-0.497
VNG1372C	-0.048	-0.003
VNG1455H	 0.036	 0.037
VNG0363G	-0.102	-0.176
VNG1992G	-0.032	-0.032
VNG0725H	 0.006	-0.003
VNG1079G	 0.015	-0.012
VNG0614G	 0.095	 0.066
VNG2373G	-0.065	-0.069
VNG0287H	-0.060	-0.073
VNG0002G	 0.060	-0.070
VNG0466C	-0.273	-0.215
VNG6264G	-0.278	-0.448
VNG1744H	-0.207	-0.195
VNG2293G	-0.081	 0.104
VNG0164G	-0.102	-0.129
VNG1559H	 0.254	 0.260
VNG6339H	 0.023	 0.049
VNG0140H	-0.155	-0.136
VNG0660H	 0.001	 0.061
VNG1755G	-0.119	-0.151
VNG6155H	 0.056	 0.047
VNG0250C	-0.081	-0.104
VNG0999H	-0.013	-0.031
VNG1784C	-0.149	-0.137
VNG2321G	-0.074	-0.122
VNG0780H	-0.044	-0.019
VNG6241G	-0.135	-0.155
VNG2666G	-0.184	 0.102
VNG1940H	-0.062	-0.078
VNG2037C	-0.157	-0.146
VNG0354C	-0.102	-0.115
VNG2248H	-0.139	-0.156
VNG5123H	-0.010	 0.032
VNG0735G	-0.102	-0.131
VNG1537C	-0.166	-0.192
VNG0375G	 0.053	 0.118
VNG2495H	-0.103	-0.128
VNG0730C	 0.013	-0.012
VNG1809H	-0.091	-0.012
VNG0906H	-0.032	-0.008
VNG1200H	-0.160	-0.174
VNG1216G	 0.005	-0.031
VNG0967G	-0.037	-0.185
VNG2121C	-0.018	-0.057
VNG0742H	-0.058	-0.074
VNG0452G	-0.081	-0.129
VNG2442H	 0.223	 0.262
VNG0829G	-0.082	-0.091
VNG1271H	-0.163	-0.242
VNG2186G	-0.047	-0.071
VNG1213C	-0.075	 0.018
VNG1641H	-0.142	-0.101
VNG1310G	 0.118	 0.089
VNG1403H	-0.115	-0.087
VNG1574G	 0.236	 0.222
VNG1281H	-0.041	 0.064
VNG0006G	 0.025	-0.004
VNG2205H	-0.028	 0.032
VNG0563G	 0.020	-0.023
VNG0704C	-0.024	-0.142
VNG1388H	-0.070	-0.106
VNG0274C	 0.119	 0.166
VNG0286C	 0.139	 0.173
VNG0043H	 0.019	 0.048
VNG1964H	-0.191	-0.205
VNG0520H	-0.071	-0.310
VNG6396H	-0.122	-0.119
VNG0611H	-0.077	-0.136
VNG0281G	-0.091	-0.152
VNG2202H	-0.106	-0.072
VNG0326G	 0.237	 0.207
VNG2036G	-0.007	-0.080
VNG2565G	-0.116	-0.139
VNG1349C	-0.236	-0.155
VNG5133C	-0.099	-0.091
VNG2259C	 0.011	-0.275
VNG2399H	-0.086	-0.094
VNG2662G	-0.276	-0.062
VNG0108G	-0.108	-0.169
VNG5160H	-0.098	-0.104
VNG0754C	-0.105	 0.080
VNG0771G	-0.205	-0.056
VNG2299H	 0.031	 0.048
VNG0412G	 0.047	 0.071
VNG6261G	-0.079	-0.059
VNG0346H	-0.116	-0.152
VNG0610G	-0.007	 0.011
VNG1003H	-0.056	-0.075
VNG1515G	-0.053	-0.009
VNG1845C	-0.014	-0.040
VNG0755C	 0.044	 0.117
VNG1013G	-0.151	-0.157
VNG2387H	-0.082	-0.126
VNG5085H	-0.114	-0.117
VNG1918C	-0.102	-0.120
VNG2613H	 0.093	 0.183
VNG0938G	 0.036	 0.069
VNG0118H	-0.161	-0.195
VNG5044H	-0.001	 0.101
VNG2334C	-0.125	-0.175
VNG6404H	-0.133	-0.148
VNG0319H	-0.064	-0.177
VNG5083H	 0.077	 0.044
VNG0694G	-0.118	-0.063
VNG1948H	 0.044	 0.061
VNG1104G	-0.117	 0.254
VNG2168C	 0.081	 0.104
VNG5059C	-0.126	-0.119
VNG1318H	-0.184	-0.158
VNG6309G	-0.017	-0.071
VNG0021H	-0.089	-0.018
VNG1212G	-0.078	-0.160
VNG6332H	 0.014	 0.163
VNG1715G	-0.202	 0.070
VNG2625C	-0.113	-0.105
VNG6335H	 0.116	 0.108
VNG1619H	-0.100	-0.153
VNG5034G	-0.166	-0.091
VNG0090G	 0.301	 0.305
VNG0788H	-0.277	 0.114
VNG2593H	 0.105	 0.035
VNG1503C	-0.138	-0.175
VNG2579G	-0.194	-0.208
VNG1843C	-0.058	-0.027
VNG2137G	-0.062	-0.071
VNG6144G	-0.054	-0.043
VNG0382G	-0.060	-0.131
VNG6383G	-0.118	-0.133
VNG0359C	-0.085	-0.067
VNG2118G	 0.078	 0.158
VNG1899G	-0.011	-0.054
VNG1172G	 0.006	 0.008
VNG0514C	-0.076	-0.115
VNG5124H	 0.128	 0.156
VNG0016H	 0.028	-0.035
VNG2645H	-0.029	-0.075
VNG0936C	-0.132	-0.172
VNG0296H	-0.060	-0.054
VNG1189H	 0.148	 0.148
VNG2023G	-0.005	-0.035
VNG5086H	-0.096	-0.089
VNG2193G	 0.068	 0.080
VNG2059H	 0.146	 0.149
VNG1447H	-0.114	-0.102
VNG1320G	-0.088	 0.029
VNG0248C	 0.197	 0.258
VNG0602C	-0.051	-0.122
VNG2284G	-0.019	 0.025
VNG6212G	-0.017	 0.005
VNG1969G	-0.103	-0.068
VNG2108G	 0.000	 0.006
VNG2063G	-0.021	-0.146
VNG0686C	-0.008	-0.021
VNG1301G	-0.161	-0.217
VNG1279H	-0.109	-0.104
VNG2116C	-0.043	-0.011
VNG1143G	 0.014	 0.144
VNG5102H	-0.185	-0.118
VNG2631H	 0.087	 0.074
VNG0933G	-0.155	-0.119
VNG2353H	 0.139	 0.184
VNG1433G	 0.047	 0.393
VNG0222C	 0.064	 0.011
VNG1204G	 0.018	 0.078
VNG0897G	-0.017	-0.030
VNG0105H	-0.120	-0.175
VNG1467G	 0.000	-0.035
VNG0876G	-0.160	-0.172
VNG5108H	-0.171	-0.169
VNG1327G	-0.049	-0.135
VNG0578H	-0.019	 0.032
VNG5139C	 0.008	 0.092
VNG1389C	-0.043	-0.092
VNG1359G	-0.086	-0.015
VNG0294G	-0.044	 0.027
VNG5041H	-0.072	-0.045
VNG1818G	 0.000	 0.025
VNG0795G	 0.033	 0.034
VNG2148H	-0.143	-0.190
VNG1844G	-0.038	-0.001
VNG0462C	-0.106	-0.100
VNG1523G	 0.015	-0.006
VNG0604H	-0.078	-0.127
VNG2484G	-0.506	-0.670
VNG1580H	 0.013	 0.013
VNG2380H	-0.127	-0.097
VNG2372G	-0.011	-0.039
VNG2260H	-0.001	-0.064
VNG2252G	 0.030	 0.058
VNG1529G	 0.282	 0.315
VNG2677H	-0.028	-0.003
VNG1566G	 0.099	 0.009
VNG0247C	-0.139	-0.191
VNG6164G	-0.026	-0.023
VNG6401H	-0.063	-0.077
VNG0757G	 0.028	 0.020
VNG0510G	-0.217	-0.175
VNG1390H	-0.161	-0.170
VNG0152G	-0.022	-0.014
VNG2283G	 0.031	-0.021
VNG1544G	-0.169	-0.136
VNG1094H	-0.070	-0.035
VNG1081G	-0.040	-0.079
VNG1811G	-0.096	-0.051
VNG2006C	-0.148	-0.114
VNG2359G	-0.104	-0.260
VNG0478C	-0.084	-0.101
VNG1101C	-0.168	-0.160
VNG6322H	-0.160	-0.194
VNG1292H	 0.124	 0.193
VNG2505G	-0.143	-0.126
VNG1608C	 0.170	 0.268
VNG1065C	-0.169	-0.145
VNG0628G	 0.195	 0.130
VNG2511H	-0.021	-0.002
VNG1405C	-0.085	-0.056
VNG0264H	-0.009	-0.074
VNG6419H	-0.103	-0.101
VNG0068H	-0.067	-0.146
VNG1173G	 0.209	 0.313
VNG5037G	-0.011	 0.037
VNG2073C	-0.094	-0.153
VNG6367H	-0.122	-0.128
VNG1224G	 0.002	 0.078
VNG0882G	-0.132	-0.156
VNG6268C	 0.101	 0.161
VNG1944C	-0.007	-0.053
VNG6413H	-0.020	-0.051
VNG1525C	-0.155	-0.130
VNG5130H	-0.005	-0.041
VNG2187H	-0.078	-0.043
VNG2369C	-0.042	-0.001
VNG2622H	 0.068	 0.082
VNG2413H	-0.054	-0.030
VNG0743H	 0.055	-0.089
VNG0863H	 0.089	 0.238
VNG1718G	-0.136	 0.061
VNG2573G	-0.129	-0.225
VNG0345G	 0.032	 0.049
VNG2516C	-0.162	-0.143
VNG0875C	 0.225	 0.247
VNG1519H	-0.195	-0.168
VNG2555C	 0.052	 0.127
VNG0976G	-0.042	-0.116
VNG0540G	 0.223	 0.038
VNG1377G	-0.175	-0.022
VNG1021C	-0.033	-0.223
VNG0835G	 0.002	 0.057
VNG2640G	 0.029	 0.068
VNG2619H	-0.035	-0.288
VNG2027H	-0.157	-0.202
VNG1622G	-0.104	-0.111
VNG0752G	 0.141	 0.220
VNG1775C	 0.025	 0.020
VNG2172C	-0.174	-0.127
VNG0166G	-0.060	 0.007
VNG1686G	-0.197	-0.173
VNG0790G	-0.254	 0.134
VNG0981C	-0.097	-0.074
VNG0398G	-0.022	-0.032
VNG0474G	 0.028	 0.176
VNG0461G	-0.030	 0.037
VNG0424C	 0.113	 0.087
VNG6220G	-0.088	-0.162
VNG2591C	-0.071	-0.051
VNG0841G	-0.054	-0.081
VNG5152H	-0.134	-0.161
VNG1871G	-0.172	-0.185
VNG1941C	-0.055	-0.030
VNG5048H	-0.093	-0.094
VNG2346G	 0.015	-0.003
VNG2226G	-0.159	-0.369
VNG1484H	-0.048	-0.060
VNG6247G	-0.095	-0.128
VNG2125G	-0.047	-0.127
VNG1119H	-0.080	-0.013
VNG2649G	 0.027	 0.077
VNG2272G	-0.092	-0.065
VNG6226H	-0.093	-0.149
VNG1054G	-0.084	-0.098
VNG0632G	-0.070	-0.093
VNG5150H	-0.130	-0.112
VNG0316C	-0.117	-0.128
VNG2244H	-0.087	-0.097
VNG1111G	-0.060	 0.079
VNG1030G	-0.131	-0.117
VNG0915G	-0.181	-0.206
VNG0958G	 0.054	-0.012
VNG1910H	 0.042	 0.074
VNG1831H	-0.153	-0.192
VNG1956H	-0.172	-0.191
VNG2182H	-0.038	-0.035
VNG1965H	-0.021	 0.004
VNG5148H	-0.139	 0.004
VNG6184G	-0.184	-0.188
VNG1462G	-0.140	-0.145
VNG2344G	 0.159	 0.068
VNG1873G	-0.126	 0.076
VNG1296C	-0.081	-0.105
VNG1058H	-0.097	 0.038
VNG0861H	-0.093	-0.060
VNG2569H	-0.131	-0.169
VNG0001H	 0.107	-0.013
VNG2519H	-0.034	 0.013
VNG1426H	 0.008	-0.012
VNG0310C	-0.122	-0.144
VNG1713G	-0.323	-0.009
VNG6308G	-0.046	-0.045
VNG0943C	-0.043	-0.029
VNG0613H	-0.176	-0.220
VNG2113C	-0.091	-0.124
VNG6377H	 0.002	 0.016
VNG0005H	 0.026	 0.009
VNG2533G	-0.003	 0.030
VNG6188H	-0.194	-0.114
VNG1687C	-0.094	-0.057
VNG1770C	-0.052	-0.092
VNG1170G	 0.092	 0.208
VNG0826C	-0.039	-0.054
VNG1034H	-0.077	-0.021
VNG1857C	-0.063	-0.160
VNG6262G	-0.369	-0.627
VNG1585C	 0.144	 0.148
VNG1668G	 0.029	 0.140
VNG0178H	-0.148	-0.140
VNG2088G	-0.038	-0.004
VNG1194H	 0.045	 0.112
VNG0439C	-0.006	 0.066
VNG5163G	-0.162	-0.190
VNG0228G	 0.008	-0.023
VNG1476C	-0.200	-0.152
VNG5192H	-0.097	-0.094
VNG6165H	-0.066	-0.030
VNG0388C	-0.038	-0.056
VNG1070G	-0.127	-0.115
VNG2320G	 0.066	 0.014
VNG0062G	 0.143	 0.203
VNG0935G	-0.314	-0.275
VNG6052H	-0.149	-0.098
VNG1048G	 0.029	-0.079
VNG0054H	-0.187	-0.225
VNG0892H	 0.017	 0.093
VNG6305C	-0.168	-0.120
VNG1879G	-0.047	-0.022
VNG2637H	-0.148	-0.166
VNG0670H	-0.069	-0.055
VNG0417H	-0.095	-0.089
VNG2000G	-0.016	-0.022
VNG6269C	-0.031	 0.018
VNG6303G	-0.037	-0.024
VNG0435H	-0.020	-0.142
VNG1431C	-0.086	-0.075
VNG2610C	 0.004	-0.029
VNG0218G	-0.131	-0.147
VNG2339C	-0.035	-0.027
VNG1009G	-0.190	-0.107
VNG0541G	-0.102	-0.130
VNG5153H	-0.095	-0.078
VNG2443G	-0.096	-0.059
VNG2304H	-0.050	-0.049
VNG2277H	-0.148	-0.174
VNG1625H	-0.066	-0.115
VNG0019H	-0.196	-0.004
VNG0516H	-0.021	-0.075
VNG2047G	 0.013	 0.129
VNG1880C	-0.135	-0.139
VNG6210G	 0.136	 0.136
VNG5106H	-0.151	-0.170
VNG1637G	-0.142	-0.172
VNG2152C	-0.149	-0.136
VNG2475C	-0.123	-0.117
VNG0406C	-0.139	-0.178
VNG0950G	-0.007	-0.050
VNG6235G	-0.117	-0.121
VNG0323H	-0.058	-0.015
VNG0256H	-0.089	-0.108
VNG0932C	-0.056	-0.134
VNG1567G	 0.126	 0.038
VNG0524G	-0.001	 0.080
VNG1077G	-0.087	-0.085
VNG1355H	-0.079	-0.062
VNG1672H	-0.046	-0.032
VNG1758H	-0.125	-0.100
VNG2075C	-0.097	-0.098
VNG0579H	-0.148	 0.043
VNG6288C	-0.013	 0.040
VNG2400H	 0.040	-0.088
VNG1352G	 0.024	 0.008
VNG0571C	-0.013	 0.002
VNG0612H	-0.037	-0.070
VNG1752C	 0.043	 0.018
VNG1240G	-0.093	-0.125
VNG5026G	-0.111	-0.101
VNG1188G	 0.001	 0.018
VNG2678H	-0.129	-0.149
VNG5182G	-0.198	-0.077
VNG0045C	-0.131	-0.182
VNG0073C	-0.115	-0.172
VNG0425G	 0.021	-0.004
VNG5022G	-0.157	-0.054
VNG6081G	-0.018	 0.066
VNG0468C	-0.095	-0.095
VNG0874G	-0.095	-0.101
VNG2522C	-0.009	-0.089
VNG6384H	 0.132	 0.173
VNG1014G	-0.193	-0.204
VNG2129H	-0.030	 0.133
VNG0180G	 0.007	-0.055
VNG0371G	-0.138	-0.195
VNG2347G	 0.134	 0.134
VNG0037H	 0.065	-0.070
VNG6157H	-0.110	-0.135
VNG2316C	-0.156	-0.192
VNG1727G	 0.069	 0.228
VNG2539H	-0.118	-0.067
VNG1807H	-0.020	-0.022
VNG6266H	 0.026	 0.023
VNG1904H	-0.188	-0.281
VNG0651G	-0.153	-0.220
VNG6441H	 0.469	 0.442
VNG1836G	-0.024	-0.066
VNG5069C	-0.251	-0.133
VNG1829G	-0.101	-0.046
VNG2208G	 0.022	 0.065
VNG0606G	-0.046	-0.044
VNG0025H	 0.006	 0.048
VNG1759G	-0.145	-0.215
VNG1487H	-0.046	 0.126
VNG2394G	 0.022	-0.024
VNG2624G	-0.064	-0.105
VNG1429C	-0.028	-0.022
VNG1280C	-0.020	 0.026
VNG0718C	-0.173	-0.181
VNG0940G	-0.025	-0.135
VNG0151C	 0.020	 0.009
VNG0986H	-0.088	-0.064
VNG0582C	 0.176	 0.094
VNG1656H	-0.095	-0.102
VNG1038C	 0.020	-0.040
VNG1343C	 0.035	 0.084
VNG2012C	 0.067	 0.126
VNG1610C	-0.071	-0.070
VNG0597H	-0.127	-0.032
VNG0525C	-0.057	 0.008
VNG6135C	-0.099	-0.043
VNG1827H	-0.009	 0.040
VNG2361G	-0.123	-0.235
VNG0815G	-0.391	-0.278
VNG0736G	-0.132	-0.112
VNG1465G	-0.132	-0.141
VNG2096G	-0.156	-0.147
VNG1714G	-0.047	 0.141
VNG6180H	-0.124	-0.154
VNG0905G	 0.038	 0.012
VNG0920H	-0.028	-0.027
VNG2326G	-0.084	-0.079
VNG1922G	-0.144	-0.254
VNG2159G	-0.131	-0.127
VNG1682C	-0.192	-0.162
VNG2652H	 0.001	 0.101
VNG2430G	-0.057	-0.171
VNG1323C	-0.144	-0.124
VNG0653G	-0.179	-0.279
VNG2154C	-0.054	-0.030
VNG1562H	 0.195	 0.198
VNG1481G	-0.111	-0.088
VNG0259G	 0.077	 0.149
VNG6143H	 0.162	 0.188
VNG0978H	 0.117	 0.095
VNG2264C	-0.068	-0.069
VNG0195H	 0.028	 0.029
VNG1893G	-0.125	-0.186
VNG1337C	-0.078	-0.157
VNG1371G	-0.140	-0.169
VNG0426G	 0.097	 0.256
VNG2323H	-0.164	-0.163
VNG0496H	-0.000	 0.030
VNG0098G	-0.316	-0.093
VNG1786H	-0.086	-0.061
VNG0158G	 0.008	 0.011
VNG1114G	-0.099	-0.056
VNG2554H	 0.019	-0.035
VNG2020C	 0.052	 0.111
VNG1313G	 0.002	-0.158
VNG0539C	-0.018	-0.062
VNG2164C	-0.107	-0.079
VNG1050H	-0.137	-0.149
VNG0138H	 0.070	 0.086
VNG0989C	-0.158	-0.137
VNG1978H	-0.066	-0.095
VNG1362H	-0.103	-0.090
VNG0913H	-0.096	-0.165
VNG0584H	 0.092	 0.068
VNG1743C	 0.007	-0.015
VNG0089G	-0.060	-0.054
VNG0600C	 0.000	 0.063
VNG1787H	-0.025	-0.014
VNG1821G	 0.027	-0.083
VNG0890G	 0.097	 0.144
VNG5068G	-0.406	-0.181
VNG5077G	-0.112	-0.216
VNG0853C	-0.004	 0.001
VNG2141G	 0.103	 0.095
VNG1086C	-0.087	-0.098
VNG0159G	-0.157	-0.169
VNG0204H	-0.187	-0.201
VNG5017H	-0.204	-0.166
VNG0598C	-0.093	-0.101
VNG1299C	-0.139	-0.167
VNG1059C	-0.072	-0.144
VNG0620G	-0.132	-0.210
VNG6290H	-0.179	-0.218
VNG0298H	-0.049	-0.047
VNG1037G	-0.178	-0.195
VNG5100C	-0.168	-0.160
VNG0170C	-0.174	-0.190
VNG0548C	-0.108	 0.123
VNG1665G	-0.090	-0.080
VNG0914H	-0.105	-0.067
VNG1306G	 0.158	 0.061
VNG0402H	 0.013	-0.289
VNG0581H	-0.110	-0.059
VNG6393H	-0.102	-0.096
VNG0542C	-0.129	-0.163
VNG0767H	 0.128	 0.247
VNG1215G	 0.021	-0.017
VNG1064H	-0.183	-0.199
VNG2101H	 0.040	 0.038
VNG1692G	-0.067	 0.222
VNG0521G	-0.154	-0.187
VNG2191H	 0.036	 0.068
VNG2614H	-0.075	 0.108
VNG0846C	-0.093	-0.091
VNG1801G	-0.020	-0.156
VNG0639G	-0.061	 0.009
VNG6280G	-0.172	-0.384
VNG6416H	-0.136	-0.154
VNG1543G	-0.007	 0.064
VNG0405C	-0.004	 0.042
VNG2576H	-0.095	-0.053
VNG2039H	-0.044	 0.038
VNG1994C	-0.028	-0.024
VNG1524C	 0.025	-0.001
VNG2482G	-0.281	-0.604
VNG0284C	-0.059	-0.041
VNG0919G	-0.050	-0.021
VNG5169H	-0.089	-0.139
VNG5199H	-0.044	 0.020
VNG0186G	-0.042	-0.044
VNG1149C	-0.127	 0.045
VNG0486G	-0.098	-0.036
VNG1626C	 0.133	 0.208
VNG1989H	-0.122	-0.104
VNG1601G	-0.084	-0.116
VNG5191H	-0.068	-0.119
VNG1862G	-0.054	-0.004
VNG0368C	-0.058	-0.146
VNG0544H	-0.213	-0.248
VNG0576C	-0.166	-0.184
VNG0150H	-0.119	-0.083
VNG1576G	-0.115	-0.140
VNG2597C	 0.096	 0.092
VNG2263G	-0.099	-0.055
VNG2501C	 0.094	 0.178
VNG2171G	-0.159	-0.167
VNG1894C	-0.069	-0.051
VNG0697H	-0.027	-0.049
VNG1558H	 0.161	 0.130
VNG1450G	-0.070	-0.024
VNG1285G	-0.102	-0.063
VNG1865H	-0.053	-0.237
VNG1412H	-0.001	-0.008
VNG2420G	-0.074	-0.052
VNG2465C	 0.064	 0.097
VNG6242G	-0.130	-0.135
VNG0014C	-0.146	-0.178
VNG2470C	-0.032	-0.043
VNG2456C	-0.145	-0.129
VNG1548C	-0.067	-0.045
VNG6371G	 0.015	 0.045
VNG1553G	 0.171	 0.162
VNG5105H	-0.238	-0.128
VNG0982C	 0.051	 0.042
VNG0106G	 0.078	 0.049
VNG5174H	-0.183	-0.179
VNG1356G	 0.035	 0.084
VNG0482H	 0.150	 0.215
VNG0041C	-0.093	-0.060
VNG1866G	 0.021	-0.023
VNG1869C	-0.181	-0.127
VNG2656H	-0.167	-0.160
VNG6363G	-0.094	-0.126
VNG0585H	 0.035	 0.003
VNG0758C	-0.029	-0.003
VNG1262G	 0.099	 0.290
VNG1583C	-0.084	-0.089
VNG2604G	-0.032	 0.028
VNG1369G	-0.045	-0.091
VNG6439H	 0.202	 0.253
VNG2065G	-0.086	-0.065
VNG2406C	-0.019	-0.081
VNG1691G	-0.189	 0.150
VNG0245G	 0.014	 0.019
VNG1790H	-0.027	-0.050
VNG2031G	-0.047	-0.180
VNG5200H	-0.074	-0.108
VNG6153G	 0.034	 0.093
VNG6213G	-0.050	-0.061
VNG0321G	 0.100	-0.105
VNG0347H	-0.166	-0.213
VNG1118G	-0.040	-0.030
VNG0880G	-0.060	-0.087
VNG0884G	-0.030	-0.046
VNG0212H	 0.003	-0.060
VNG2068C	-0.094	-0.113
VNG1148G	-0.048	-0.015
VNG2476C	-0.082	-0.137
VNG2536C	-0.025	-0.004
VNG0239C	-0.169	 0.019
VNG0534C	 0.048	 0.016
VNG0689G	 0.034	 0.050
VNG2280G	-0.021	-0.033
VNG2153G	-0.011	 0.017
VNG6209H	-0.065	-0.048
VNG2098H	 0.076	 0.042
VNG0947G	-0.089	-0.076
VNG2432C	-0.021	-0.158
VNG0586C	-0.055	 0.011
VNG0217H	-0.148	-0.133
VNG0768H	-0.001	 0.168
VNG0502G	-0.140	-0.165
VNG0280H	-0.117	-0.121
VNG6218G	-0.067	-0.042
VNG0451G	-0.168	-0.228
VNG2585H	-0.011	 0.019
VNG2462G	 0.017	 0.084
VNG6196G	-0.176	-0.197
VNG1982C	-0.093	-0.123
VNG5052G	 0.076	 0.034
VNG2271G	-0.020	-0.035
VNG6323H	-0.104	-0.133
VNG1046H	-0.020	-0.126
VNG2231C	-0.162	-0.226
VNG1900C	-0.115	-0.104
VNG1735C	-0.028	-0.013
VNG0811H	-0.162	-0.194
VNG0489G	-0.101	 0.067
VNG0484G	 0.001	-0.095
VNG5166H	 0.240	 0.273
VNG1376H	 0.102	 0.184
VNG2616G	 0.074	-0.144
VNG2232G	-0.052	-0.105
VNG0198H	 0.030	 0.041
VNG1209G	 0.024	 0.031
VNG0883H	-0.072	-0.077
VNG0020H	-0.121	-0.179
VNG6327H	-0.159	-0.196
VNG1404G	-0.094	-0.096
VNG2444C	-0.133	-0.118
VNG0475C	-0.028	 0.043
VNG1974H	-0.020	-0.015
VNG6355H	-0.157	-0.135
VNG0042G	 0.066	 0.090
VNG6187G	-0.147	-0.118
VNG1315H	-0.101	-0.178
VNG0203C	-0.108	-0.108
VNG1100C	-0.084	-0.070
VNG0813G	-0.184	-0.242
VNG1617H	-0.056	-0.075
VNG0174G	-0.001	 0.089
VNG0223G	-0.104	-0.077
VNG5039G	-0.116	-0.164
VNG0741H	-0.033	 0.040
VNG0680G	-0.114	-0.087
VNG1635G	 0.090	 0.088
VNG2185H	-0.123	-0.135
VNG2553G	-0.004	-0.001
VNG2429G	-0.137	-0.117
VNG0305G	-0.010	 0.029
VNG6150G	-0.139	-0.136
VNG2331G	-0.005	 0.025
VNG1591H	 0.120	 0.261
VNG1642H	-0.182	 0.011
VNG0144H	-0.060	-0.101
VNG1035C	-0.161	-0.119
VNG0731H	-0.208	-0.184
VNG1483C	 0.113	 0.147
VNG2126C	-0.054	-0.124
VNG0015H	-0.098	-0.165
VNG0851C	-0.133	-0.109
VNG0459G	 0.074	 0.042
VNG1856G	-0.095	-0.209
VNG1018G	-0.102	-0.201
VNG1387H	-0.100	-0.123
VNG2314H	-0.041	 0.006
VNG2115H	-0.464	-0.363
VNG0840H	 0.016	-0.037
VNG1176G	 0.066	 0.087
VNG0546C	-0.091	 0.174
VNG0340C	-0.069	-0.100
VNG2426G	-0.103	-0.150
VNG6229G	-0.154	-0.152
VNG0500G	-0.053	-0.151
VNG0447H	 0.074	 0.136
VNG1835G	-0.089	-0.082
VNG0243C	 0.196	 0.200
VNG0137G	-0.146	-0.077
VNG1257H	-0.045	 0.053
VNG0404H	-0.088	-0.123
VNG0219H	-0.073	-0.139
VNG6205C	 0.203	 0.205
VNG2223G	-0.007	-0.003
VNG1432G	-0.077	-0.052
VNG2224G	 0.091	 0.082
VNG2025G	-0.125	-0.167
VNG0643G	-0.133	 0.022
VNG0682C	-0.204	-0.208
VNG5142G	-0.037	 0.030
VNG2085G	-0.040	-0.024
VNG2072G	 0.047	 0.003
VNG1133G	-0.248	 0.239
VNG2142G	 0.107	 0.170
VNG2466C	-0.035	-0.013
VNG1772G	-0.189	-0.200
VNG0408H	-0.118	-0.163
VNG1088C	 0.117	 0.047
VNG1096H	-0.179	-0.133
VNG0832C	-0.181	-0.174
VNG1925H	-0.029	-0.437
VNG1921H	-0.046	 0.016
VNG1695G	-0.149	 0.186
VNG1073G	-0.127	-0.156
VNG1416G	-0.061	-0.063
VNG0421C	-0.071	 0.034
VNG1615G	-0.043	-0.064
VNG0409C	 0.044	-0.035
VNG2329C	 0.014	 0.008
VNG2653C	-0.111	-0.140
VNG0737H	-0.043	-0.018
VNG2422G	-0.114	-0.145
VNG2255C	-0.058	-0.016
VNG1402H	-0.080	-0.078
VNG1670C	-0.027	 0.013
VNG2143G	-0.006	 0.072
VNG0094C	 0.058	 0.086
VNG0786G	-0.075	-0.023
VNG2636G	-0.094	-0.092
VNG0869G	-0.155	-0.206
VNG0429H	 0.006	-0.009
VNG1506G	-0.087	-0.076
VNG0171C	-0.197	-0.237
VNG2497H	-0.109	-0.105
VNG0291H	-0.056	-0.119
VNG0322H	-0.049	-0.081
VNG1822G	-0.092	-0.138
VNG2504G	-0.092	-0.024
VNG1732C	-0.108	-0.102
VNG0985H	-0.173	-0.177
