Gene	Cond0	Cond1	Cond2	Cond3	Cond4
VNG6232G	0.014286	-0.257151	-2.114350	0.000000	0.442871
VNG5175H	0.000000	-0.522934	0.097182	-1.332786	1.402202
VNG2603H	-0.161745	0.000000	0.055988	2.158667	-0.161745
VNG0729H	0.397406	-0.013944	0.000000	-1.924282	0.571707
VNG2567C	-1.709825	0.280058	-0.014740	1.017051	0.000000
VNG2563H	0.000000	0.030009	-0.330098	1.800536	-0.855254
VNG0324G	0.439510	0.000000	0.169635	-2.051044	-0.023132
VNG0527C	-0.083256	1.398699	0.382977	-1.382048	0.000000
VNG2473G	-0.052491	0.419925	0.000000	2.250533	-0.111542
VNG0916G	0.263829	-1.231201	-2.022687	0.000000	0.087943
VNG2581H	-0.368024	0.000000	1.104071	-1.240766	1.083041
VNG2447G	-0.281652	-1.649677	0.067060	1.140021	0.000000
VNG1068G	-1.621092	0.324218	0.000000	1.126232	-0.127981
VNG1889H	-0.369311	-0.332380	0.000000	1.981968	0.861725
VNG2117C	0.678750	0.000000	-0.095449	-1.972616	0.042422
VNG1898C	0.006827	0.000000	-0.320879	2.020852	-0.395978
VNG0401G	0.000000	-0.347239	0.125392	-1.977334	0.655896
VNG0885G	-0.896438	0.000000	0.164652	1.847760	-0.009147
VNG1261H	-0.435133	0.000000	0.114941	2.093564	-0.057470
VNG6240G	0.069396	-1.098776	-2.185987	0.057830	0.000000
VNG0342G	-0.550707	0.045892	-0.220283	1.991723	0.000000
VNG2411G	0.107119	-0.387278	0.000000	-2.150630	0.321358
VNG2146H	-0.088863	-0.027343	0.000000	2.269436	0.526345
VNG1698G	-1.266815	-0.040538	0.131749	1.550581	0.000000
VNG1938C	0.063093	-1.072581	-2.217269	0.000000	0.009013
VNG1314H	0.281082	-0.008391	0.000000	-2.093431	0.222348
VNG0330G	-0.764222	0.008938	-0.330716	1.850221	0.000000
VNG1142G	-1.737526	-0.372327	0.144794	1.003215	0.000000
VNG1168C	0.457339	0.000000	0.252003	-2.034692	-0.513340
VNG6237G	-0.420389	0.404819	-1.961817	0.000000	0.498239
VNG1053G	-2.200609	0.095679	0.000000	-0.009568	0.047839
VNG6133H	-0.111732	-2.157286	0.000000	0.120327	0.232059
VNG0457G	0.000000	0.180992	-0.031477	2.101079	-0.448545
VNG5145H	0.463768	-0.123422	0.033661	-2.086958	0.000000
VNG1830G	0.193242	-0.002801	0.000000	-2.117261	0.232451
VNG0149G	0.000000	-0.040333	0.731044	-1.215046	1.472172
VNG1581C	0.000000	0.024714	-2.224257	-0.753776	0.172998
VNG0095G	-0.868297	0.000000	-0.347319	1.786210	0.000000
VNG0702H	-0.874034	-1.153311	0.000000	1.386041	0.170669
VNG1247G	0.381082	0.498338	0.000000	-1.964039	-0.039085
VNG1408G	-0.565629	0.087865	-0.093356	2.020889	0.000000
VNG1561C	-0.208428	0.000000	0.237681	2.190325	-0.091416
VNG0715G	-1.031256	0.171876	0.000000	1.734386	-0.117188
VNG2220G	-0.233673	0.143799	0.000000	2.112041	-0.274116
VNG6294G	0.000000	0.034430	-0.122069	-2.194107	0.197188
VNG2385H	0.553677	0.000000	-1.238084	1.145805	-0.945866
VNG2424G	0.000000	-0.320054	-0.832141	1.820752	0.213369
VNG1700G	-2.116877	-0.006829	0.000000	0.334603	0.061458
VNG1554G	-1.450704	0.000000	0.105358	1.369659	-0.097254
VNG6407H	0.206470	0.012904	-2.219549	-0.696835	0.000000
VNG0659H	0.585110	-0.577703	0.000000	-1.977523	0.199974
VNG0573C	0.977379	0.000000	-1.755293	0.209438	-0.169545
VNG1218C	1.067839	0.505818	0.000000	-1.611125	-0.112404
VNG1420H	0.681283	-0.435036	0.000000	-1.625229	0.870072
VNG2067H	0.189898	0.073849	-0.432546	-2.215478	0.000000
VNG1187G	-0.275864	0.122606	-0.053640	2.160935	0.000000
VNG0501G	0.554671	-0.210393	0.108384	-2.033795	0.000000
VNG1103G	0.000000	-0.040110	0.591620	-1.393817	1.323625
VNG1766C	0.000000	-0.081873	0.337726	-2.057059	0.307024
VNG1136G	-0.918248	0.000000	0.898286	-1.028038	1.137829
VNG1697G	-2.172292	0.055859	0.192403	0.000000	-0.024826
VNG5033G	-0.504922	0.000000	0.073295	-2.190709	0.252461
VNG1128G	-1.609386	-1.506659	0.000000	0.593532	0.057070
VNG1890H	0.857709	-0.350881	0.397665	-1.770000	0.000000
VNG0734G	0.053060	-0.275910	0.000000	-2.239119	0.111425
VNG1264C	-0.379852	0.061836	-0.247345	2.058267	0.000000
VNG0117H	0.711275	-1.968708	-0.228624	0.000000	0.012701
VNG0453G	-0.276552	0.085600	0.000000	2.126819	-0.158030
VNG1291H	0.186392	-0.024312	0.064832	-2.171875	0.000000
VNG1379G	0.406272	0.000000	-0.017046	-2.048407	0.224444
VNG6159H	0.836105	0.083610	0.000000	-1.876591	-0.278702
VNG2343G	-1.169792	0.446486	0.000000	1.589489	-0.125016
VNG1705G	-1.961041	-0.104523	0.000000	0.691839	0.069682
VNG0064G	0.745083	0.000000	-1.922314	0.000000	-0.640771
VNG0303G	-0.216325	-0.101800	0.000000	2.195062	0.388112
VNG2606G	-0.494580	0.000000	0.004537	2.050919	-0.054449
VNG1526H	0.000000	0.435853	-1.250209	1.502545	-0.194987
VNG5071C	0.615696	-0.393759	0.000000	-1.882885	0.458193
VNG2045G	1.030535	0.000000	0.403858	-1.434393	-0.946978
VNG1490H	-0.709571	-0.467482	0.033392	1.836537	0.000000
VNG0050C	1.173606	0.103859	0.000000	-1.360552	-0.997046
VNG0716G	0.128327	0.000000	-0.185361	-2.233832	0.009506
VNG1151H	-0.206849	0.970601	0.278451	-1.742309	0.000000
VNG2524H	-0.095777	0.909877	0.000000	1.867642	-0.686398
VNG0343H	-0.435149	0.000000	0.023735	2.009598	-0.316472
VNG0226G	0.528650	-0.004557	0.000000	-1.914076	0.473962
VNG2120G	0.000000	0.227530	-0.143260	2.081481	-0.438207
VNG1533H	0.490828	0.000000	-0.098166	-2.012395	0.261775
VNG1709G	-1.941011	0.000000	0.474780	-0.432887	0.474780
VNG2150G	-0.118979	0.237958	-0.062076	2.229563	0.000000
VNG0971G	-0.421597	0.000000	0.174662	2.041735	-0.283072
VNG0124C	0.333457	-0.174668	0.000000	-2.040441	0.381094
VNG0837H	1.222675	-1.558312	0.000000	0.275701	-0.059935
VNG0254G	-0.644340	0.000000	0.098683	1.991069	-0.046439
VNG6316G	0.055260	-0.184201	0.000000	-2.173567	0.264021
VNG0769H	0.236830	-0.272713	0.000000	-2.167351	0.143533
VNG0812G	0.000000	0.104516	-2.194837	0.209032	-0.343410
VNG0168H	0.228236	0.000000	-0.065763	-2.119890	0.224368
VNG1250H	0.501501	0.029851	-0.197018	-2.077647	0.000000
VNG2527G	-0.287470	0.023308	0.000000	2.136603	-0.066040
VNG6198H	0.808719	-1.779181	0.000000	-0.191152	0.485231
VNG0794G	0.184586	-0.304568	-0.516842	1.993533	0.000000
VNG0719G	0.000000	0.029811	-0.512752	1.991386	-0.274263
VNG2139G	-0.952567	0.452066	0.000000	1.735610	-0.258323
VNG6420H	0.259225	-0.080360	0.000000	-2.081580	0.313663
VNG5173H	0.118207	-0.266723	0.000000	-2.161060	0.272785
VNG1647G	0.114870	1.746027	-0.934278	0.000000	-0.359927
VNG2147G	-0.268305	-0.120737	0.000000	2.159858	0.241475
VNG1184G	-0.105625	-0.130478	0.000000	2.180852	0.037280
VNG5008H	0.877386	0.000000	-0.329844	1.840532	-0.606914
VNG6251H	-0.445975	0.137223	0.000000	1.303619	-1.457995
VNG1438H	0.765845	0.000000	-0.142958	-1.848238	0.357394
VNG6168H	0.956294	1.127061	-1.340520	0.000000	-0.256150
VNG6181H	0.745546	-0.517959	0.643524	-1.702985	0.000000
VNG1514H	0.000000	-0.954125	-2.030290	0.410496	0.110945
VNG5180G	0.000000	0.025331	-0.278641	-1.505383	1.302735
VNG1782C	0.069254	-0.380898	0.000000	-2.158420	0.328957
VNG1701G	-2.145292	0.000000	0.269002	-0.053800	0.080701
VNG2199H	0.285159	0.000000	-0.344567	2.091167	-0.249514
VNG0249G	-0.406383	0.094070	0.000000	2.069545	-0.188140
VNG2508C	-0.421027	0.000000	-0.107705	2.105134	0.362279
VNG0399H	0.887221	0.235167	0.000000	-1.806511	-0.053447
VNG1036H	0.783269	0.000000	-1.782612	-0.823783	0.216074
VNG2349G	-0.831840	0.175124	-0.062544	1.882585	0.000000
VNG1382H	0.561529	1.952394	0.000000	-0.492418	-0.397390
VNG1083G	0.338351	0.000000	-0.261743	-2.125863	0.146831
VNG0034H	1.294474	-0.016596	-1.394049	0.663833	0.000000
VNG2201G	0.000000	0.205165	-0.180296	2.213294	-0.031086
VNG0147C	0.000000	-0.179574	0.260383	-1.948380	0.637488
VNG2342H	-0.215485	0.156717	0.000000	2.148323	-0.189366
VNG2138G	-0.629327	0.000000	0.228846	1.856198	-0.527618
VNG2219G	-0.278993	0.053505	0.000000	2.113464	-0.183447
VNG1001G	-0.406081	0.000000	0.135360	-2.117420	0.377075
VNG2008H	0.083537	-0.095470	0.000000	-2.136151	0.310279
VNG0433C	0.000000	0.168679	-0.429364	-2.146820	0.283687
VNG1693G	-2.177214	-0.117129	0.165358	0.130908	0.000000
VNG5050H	0.210974	-0.266820	0.403332	-2.078713	0.000000
VNG0410G	0.632526	0.000000	-0.299617	-1.997449	0.099872
VNG2104G	0.000000	0.185516	-0.198310	2.175010	-0.134339
VNG0285C	0.867941	-0.366736	0.158919	-1.833678	0.000000
VNG6145H	0.426233	-0.621590	-0.443993	1.882530	0.000000
VNG0049H	1.884976	0.000000	0.127256	-0.660139	-0.413581
VNG1555G	-0.612055	0.000000	0.070236	1.946537	-0.285960
VNG1702G	-1.678006	-0.101390	0.000000	1.120360	0.020278
VNG6320C	-1.171092	0.000000	0.103056	1.545841	-0.477805
VNG2371C	0.044410	0.000000	-0.766066	0.488506	-2.053946
VNG0549G	0.000000	-0.042533	0.326087	-1.977789	0.510397
VNG1568G	-0.346534	0.145061	0.000000	2.135618	-0.056413
VNG0491G	-0.873913	0.000000	0.032978	1.835766	-0.126415
VNG0550G	-0.053466	0.000000	0.038190	-2.008793	0.603402
VNG2664G	-0.820616	0.152504	0.000000	1.844570	-0.261435
VNG0028C	-0.175662	-1.942619	0.000000	0.712983	0.123997
VNG2507G	-0.411947	0.000000	-0.114962	2.098053	0.191603
VNG1202C	1.165297	0.838578	0.000000	-1.372219	-0.283156
VNG2001G	0.000000	-0.800271	-2.110605	0.070353	0.360562
VNG0176H	0.000000	-0.099563	0.082969	-2.090815	0.423141
VNG2021C	0.000000	0.302991	-0.186456	1.786869	-0.932280
VNG1471C	0.090388	-0.058752	0.000000	-2.169316	0.194335
VNG0192G	-1.596368	0.000000	0.055047	1.155991	-0.528453
VNG0991H	0.847097	-0.645987	0.000000	-1.834360	0.048754
VNG0415G	0.332414	0.000000	-1.572574	0.894961	-0.984457
VNG1550G	-0.302164	0.000000	0.271947	2.175579	-0.025180
VNG0925C	-0.217004	0.211139	0.000000	2.140716	-0.228734
VNG1442G	0.410582	-0.100364	0.000000	-2.080280	0.145985
VNG2661G	-1.576172	0.158498	0.000000	1.223955	-0.096860
VNG5061C	-0.035208	0.000000	0.246457	-2.068474	0.343279
VNG1041H	0.513100	0.000000	-1.918017	-0.794084	0.342067
VNG2575G	0.000000	-0.006934	0.062407	-2.101043	0.374443
VNG6163H	0.568799	0.113760	-2.024925	0.000000	-0.204768
VNG5181G	0.000000	-0.107749	0.195296	-1.663383	1.107799
VNG2549C	-1.814473	0.102706	-0.582001	0.873001	0.000000
VNG0870G	0.929361	1.051645	0.000000	-0.285330	-1.402193
VNG2195G	-0.366078	0.308654	0.000000	2.153403	-0.014356
VNG1500H	0.753281	-0.091615	0.000000	-1.883202	0.254487
VNG0498C	0.374573	0.000000	-0.364968	1.728796	-0.931629
VNG5010G	0.168061	-0.069684	-0.217249	2.184790	0.000000
VNG1589C	0.494503	0.000000	-2.018380	-0.484411	0.252298
VNG5120H	0.000000	0.815703	-0.454463	1.957688	-0.314628
VNG1025H	0.000000	0.331940	-1.012841	1.438405	-0.893683
VNG2582H	-0.233186	0.000000	0.932742	-1.326243	1.173215
VNG2167G	0.000000	0.759145	-0.012445	-1.904084	0.118227
VNG0467G	0.218721	0.000000	-0.003472	-2.107357	0.239551
VNG1874C	0.000000	-0.205574	0.041115	-2.048892	0.555051
VNG1141G	-1.493436	-0.191671	0.007986	1.325724	0.000000
VNG1907H	0.000000	-0.167899	0.190286	-1.858086	0.828303
VNG6429H	0.491106	-0.154185	0.000000	-2.067215	0.079948
VNG1719G	-2.052271	0.000000	-0.196793	0.506039	0.126510
VNG2123G	0.743525	0.000000	-0.104722	-1.937353	0.036653
VNG1085H	0.065570	-0.368831	-0.057374	2.114633	0.000000
VNG2679G	-1.572434	-0.683107	0.000000	0.206221	1.095548
VNG1933G	-0.625876	0.143273	0.000000	1.915332	-0.377034
VNG1912G	0.252768	0.000000	-0.044937	2.106399	-0.443748
VNG1249C	0.019377	-0.058131	0.000000	-2.189595	0.187311
VNG5177C	0.000000	-0.035919	1.041657	-1.056025	1.487055
VNG1308G	-0.506486	0.000000	0.441367	1.968061	-0.376247
VNG5195H	0.190915	-0.257513	0.000000	-2.006825	0.568304
VNG1062G	0.538042	-0.190698	0.000000	-1.954657	0.388207
VNG2196G	-0.092700	0.000000	-0.057937	2.207418	0.049247
VNG0836H	1.003055	0.450089	-1.646038	0.000000	-0.385790
VNG2531G	-0.150993	0.075497	0.000000	2.201016	-0.034845
VNG0194H	-0.725344	-0.139266	0.000000	1.920712	0.029014
VNG2032G	0.561600	0.000000	-1.907321	-0.116559	0.476830
VNG1394H	0.000000	-1.504533	-1.756423	0.102118	0.401663
VNG1012H	0.782657	0.079980	-0.131395	-1.908082	0.000000
VNG0924G	-0.205653	0.048707	0.000000	2.181009	-0.021648
VNG1324C	0.189680	-0.134883	0.000000	-2.078048	0.396220
VNG6299G	1.632472	0.919885	0.000000	-0.893973	-0.272079
VNG1458G	0.577549	-1.084171	-1.884633	0.000000	0.081059
VNG1832H	0.498267	-0.149480	0.000000	-1.883448	0.597920
VNG6203H	0.000000	-0.619160	-2.167061	0.293286	0.073322
VNG5178H	0.043247	-0.059464	0.000000	-1.973126	0.670322
VNG0700G	-0.028345	0.000000	1.149243	-1.115745	1.339925
VNG0394C	-1.239974	-0.584893	0.000000	1.462233	0.046791
VNG1125G	-0.696565	-0.245552	0.000000	1.909289	0.010023
VNG1182H	0.000000	0.080296	-0.278359	2.151928	-0.058884
VNG5183G	0.086736	-0.439099	0.016263	-2.271388	0.000000
VNG2151G	-0.479725	0.046640	0.000000	2.025506	-0.213211
VNG1760G	-0.656406	0.077224	0.000000	1.940259	-0.231673
VNG6372H	0.208906	-0.405524	0.000000	-2.181229	0.153608
VNG5185H	0.466425	-0.834183	-1.506911	0.986668	0.000000
VNG1183H	-0.321720	0.521187	-0.045041	2.168393	0.000000
VNG1105G	0.000000	-0.551519	0.595060	-0.943387	1.596502
VNG1773G	-0.569042	0.142261	0.000000	-2.145764	0.296376
VNG5176C	0.000000	-0.177331	0.866502	-1.148619	1.446857
VNG6158H	0.000000	1.367228	0.046610	-0.512710	-1.382765
VNG1664H	-0.043320	0.129960	0.000000	2.115455	-0.397099
VNG0559G	0.153284	-0.054391	0.000000	-2.180583	0.093948
VNG2410G	-0.500355	-0.059566	0.214438	2.072898	0.000000
VNG1663C	0.000000	0.100146	-0.168427	2.130378	-0.264021
VNG0483C	0.772025	-0.083916	0.000000	-1.913280	0.067133
VNG0937G	0.354905	0.000000	0.063094	-2.145207	-0.563905
VNG1699C	-2.027431	0.000000	0.349321	-0.698642	0.335622
VNG0132C	0.000000	0.241211	0.042212	-2.201053	-0.615089
VNG2029H	0.319351	0.000000	-0.083309	-2.006354	0.458199
VNG0703H	-0.225464	0.000000	0.601237	-1.741081	0.789123
VNG2393G	-1.167992	0.155239	0.000000	1.552394	-0.450934
VNG0818C	0.778664	-1.223616	0.000000	1.446091	-0.013905
VNG1716G	-2.063813	-0.257977	0.023998	0.539951	0.000000
VNG2558G	-0.222867	-0.015549	0.000000	2.182021	0.077744
VNG1435G	0.194249	0.087077	-0.241137	-2.197027	0.000000
VNG1838H	0.000000	0.572515	-2.003802	0.190838	-0.229006
VNG6194H	0.827141	0.000000	0.131292	-1.842468	-0.573309
VNG0123G	0.000000	-0.513356	0.046669	-2.228430	0.180841
VNG0961G	-1.784685	-0.492786	0.426193	0.785794	0.000000
VNG6325H	-1.845276	0.894919	0.023759	0.000000	-0.332625
VNG6211G	-0.037449	0.274629	-0.362011	2.147100	0.000000
VNG1473H	-0.041227	0.000000	0.206137	-1.985783	0.570311
VNG2273H	0.018850	-0.245049	0.000000	1.998094	-0.513661
VNG0674C	0.294884	0.000000	-0.631894	1.979935	-0.168505
VNG0053H	1.071537	-1.681907	0.067819	-0.474732	0.000000
VNG1711G	-1.723027	-0.167983	0.158384	1.036696	0.000000
VNG2383G	-0.661570	0.000000	-0.063438	1.975648	0.072501
VNG1008G	-1.700621	-0.603959	0.000000	0.890045	0.397341
VNG1538H	0.308854	0.000000	0.183643	-2.103545	-0.058432
VNG6201G	0.000000	-1.385613	0.009758	-2.029630	0.185399
VNG2005G	0.341279	-0.108211	0.000000	-2.072648	0.266364
VNG1115H	0.394524	-0.093934	0.075147	-2.104126	0.000000
VNG0499G	0.411984	-1.631457	-0.725092	0.922844	0.000000
VNG0537C	0.062454	0.000000	-0.210781	2.139039	-0.179554
VNG2577C	-0.361845	0.014190	0.000000	-2.192355	0.283800
VNG2441G	-0.890497	-0.090867	0.090867	1.835514	0.000000
VNG2560G	-0.420491	-0.544165	0.000000	1.929311	0.024735
VNG6177G	0.425727	0.000000	-1.993650	-0.996825	0.145370
VNG2218G	-0.218304	0.000000	0.106726	2.129676	-0.223155
VNG2552G	-1.271706	0.561047	-0.673256	1.271706	0.000000
VNG2217G	-0.138562	0.117245	0.000000	2.206339	-0.058623
VNG6315G	0.159730	-0.109289	0.000000	-2.168963	0.159730
VNG1557G	-0.989608	0.000000	0.064325	1.692230	-0.420583
VNG1350C	0.454803	0.000000	-0.163729	-2.101190	0.009096
VNG1007H	1.709908	0.000000	0.465419	-1.021898	-0.141649
VNG2562H	0.039849	-0.302854	-0.350673	2.048248	0.000000
VNG6265G	0.214609	0.167500	0.000000	-2.151322	-0.125625
VNG2499G	-0.766432	0.370002	0.000000	1.779532	-0.510955
VNG1707G	-1.663409	-0.263113	0.325547	1.056911	0.000000
VNG1706G	-2.151955	0.000000	0.248506	-0.237931	0.169195
VNG5137H	0.187832	-0.543724	0.049429	-2.224324	0.000000
VNG1564H	-0.756516	0.000000	0.036521	1.888681	-0.208694
VNG2556H	-0.096748	0.468855	-0.104190	2.240083	0.000000
VNG1190G	-0.690850	0.000000	0.177380	1.969856	-0.056015
VNG1774G	-0.206604	0.169040	0.000000	-1.803091	0.920328
VNG0367H	0.553431	0.422108	-1.322606	0.000000	-1.585251
VNG2158G	-1.790733	0.948662	0.000000	-0.437024	0.053296
VNG1414G	0.028614	0.000000	-0.017884	2.192522	-0.160952
VNG1997G	0.000000	0.000000	0.214633	-1.576212	1.214019
VNG1542G	0.000000	0.295087	-0.152303	2.236949	-0.019038
VNG0315G	0.296476	-0.025558	0.000000	-2.054883	0.332257
VNG1703G	-2.019559	-0.063654	0.214108	0.497656	0.000000
VNG5055G	0.000000	0.382152	-0.560489	2.050881	-0.044584
VNG0816G	0.000000	0.597127	-2.024161	0.020242	-0.576886
VNG1139G	-1.377378	-0.567601	0.000000	1.347105	0.113520
VNG1326H	0.228198	-0.294255	-0.282244	2.095815	0.000000
VNG2197H	-0.135848	0.170981	-0.138190	2.192306	0.000000
VNG2301G	0.000000	-0.128043	-0.042681	2.219407	0.149383
VNG2093G	-0.240762	-0.294933	0.186590	2.106665	0.000000
VNG6195H	0.376077	-0.235048	0.148864	-2.107598	0.000000
VNG0681G	-0.050947	0.000000	0.058226	2.139792	-0.305685
VNG5030G	0.575086	-0.186057	0.000000	-1.900038	0.484876
VNG1551G	-1.576090	0.038677	0.000000	1.237666	-0.154708
VNG1263C	0.605566	-0.052333	0.000000	1.913888	-0.747613
VNG1624G	-0.146285	0.030476	-0.006095	2.200373	0.000000
VNG6182H	0.062566	-0.298926	0.000000	-2.224568	0.152939
VNG2529G	-0.771077	0.538299	0.000000	1.774933	-0.451007
VNG1123G	0.226169	-0.014360	0.000000	-2.150402	0.089750
VNG0378C	0.611076	1.388124	-0.271589	-1.290050	0.000000
VNG1486H	0.221437	-0.129808	0.000000	2.222009	-0.068722
VNG0864G	-0.109114	0.288373	-0.249403	2.174485	0.000000
VNG1690G	-1.591320	-0.388989	0.000000	1.166968	0.183886
VNG6264G	0.500123	0.253227	0.000000	-2.019485	-0.417824
VNG1559H	-0.960733	0.000000	0.087339	1.766196	-0.208644
VNG0999H	0.283661	0.000000	-0.008864	-2.127454	0.097508
VNG2248H	0.113091	-2.251989	0.044253	-0.408112	0.000000
VNG0452G	-0.496662	0.137010	0.000000	2.046588	-0.145573
VNG2442H	0.000000	-0.007491	0.134835	2.127403	-0.389525
VNG1281H	-0.117884	0.579594	0.000000	-1.856666	0.579594
VNG1349C	0.180208	0.000000	-0.211279	-2.187357	0.124282
VNG2259C	0.000000	0.045095	-0.248020	2.134476	-0.142799
VNG2299H	-0.222211	0.080804	-0.020201	2.181707	0.000000
VNG1013G	0.082996	0.000000	-1.825918	-0.514577	0.879760
VNG5083H	0.510694	-0.475064	0.000000	-2.054652	0.118766
VNG1948H	1.083703	0.000000	-0.033175	-1.702963	0.033175
VNG1318H	0.219630	0.233077	-0.340651	-2.146996	0.000000
VNG0021H	-0.082644	1.396680	0.950403	-1.173542	0.000000
VNG6332H	0.185290	-0.336546	0.000000	-2.166754	0.211760
VNG2625C	0.558694	0.076186	-0.220092	-2.040081	0.000000
VNG1715G	-1.987315	0.000000	0.195245	-1.310931	0.160380
VNG1189H	-0.287776	-0.236992	0.000000	2.116001	0.253920
VNG2193G	-0.685657	0.000000	-0.233747	1.924514	0.077916
VNG1320G	0.000000	-0.196961	0.265897	-2.008999	0.512098
VNG0248C	-0.340849	0.000000	0.254365	2.116315	-0.172968
VNG6212G	0.185048	0.000000	-0.308413	2.150076	-0.079306
VNG1969G	0.233320	0.000000	0.000000	-2.037067	0.421772
VNG2063G	0.242333	0.000000	-0.333208	2.053772	-0.357441
VNG1143G	-1.096283	0.000000	0.171966	1.698164	-0.014330
VNG5108H	0.190284	-0.095142	0.000000	-2.087838	0.359425
VNG0795G	-0.022311	0.195224	0.000000	2.164196	-0.312358
VNG0604H	0.000000	-0.480819	-2.232372	0.000000	0.206065
VNG2372G	-0.470832	0.240425	0.000000	1.893345	-0.601062
VNG1529G	-0.067611	-2.062150	0.000000	0.495818	0.045074
VNG1566G	-0.159615	0.149639	-0.094771	2.194706	0.000000
VNG1811G	1.701880	0.000000	-0.725392	1.185736	-0.111599
VNG2006C	0.015824	-0.242632	0.000000	-2.162587	0.332300
VNG1101C	0.133945	-0.410208	0.000000	-2.118012	0.376721
VNG6322H	0.597667	0.000000	-0.026761	-1.900045	0.437099
VNG0628G	0.000000	0.052387	-0.459844	1.816094	-0.756706
VNG2073C	-0.037374	0.161954	-2.105406	0.000000	0.311451
VNG1224G	0.163039	-0.092389	0.000000	-2.152120	0.201082
VNG1718G	-2.030463	0.000000	0.320216	-0.720487	0.349327
VNG0540G	0.000000	0.032818	-0.049227	2.156142	-0.249417
VNG1377G	0.049717	0.452424	-0.119321	-2.088111	0.000000
VNG1021C	-0.153033	0.437238	-1.158681	1.595919	0.000000
VNG0841G	0.000000	0.371403	-1.653341	1.006381	-0.479229
VNG2346G	-1.613019	0.421311	-0.276861	1.083371	0.000000
VNG2226G	-0.420567	-0.051762	0.038822	2.089895	0.000000
VNG2244H	-0.329330	-0.125459	0.148983	2.124964	0.000000
VNG2344G	-0.520559	0.000000	-0.099433	2.041292	0.087735
VNG1058H	0.355554	-0.413603	0.000000	-1.988197	0.486165
VNG1713G	-2.148393	0.000000	0.140494	-0.848820	0.210742
VNG6188H	0.049402	0.000000	-0.111153	-2.142792	0.321110
VNG6262G	0.000000	0.050461	-0.156431	-2.225352	0.105969
VNG1585C	0.264335	-0.066084	0.000000	2.173418	-0.279020
VNG2088G	-2.125747	-0.013627	0.000000	0.040880	0.327038
VNG0439C	1.383894	0.000000	-0.390329	-1.301097	0.496782
VNG0062G	0.642463	-0.511793	0.000000	1.306704	-1.274037
VNG0019H	0.164623	-0.343772	0.000000	-1.801173	0.915112
VNG2047G	0.068534	-0.899508	0.154201	-2.193087	0.000000
VNG6210G	0.000000	0.141318	0.000000	2.261082	-0.022313
VNG0406C	0.718320	0.050586	0.000000	-1.952615	-0.141640
VNG6235G	0.787621	-0.039381	-1.785275	0.498827	0.000000
VNG1567G	-0.403272	0.004859	0.000000	2.098960	-0.014576
VNG1758H	0.000000	-0.382921	0.250071	-2.133418	0.242256
VNG2400H	0.150375	0.000000	-0.041011	2.153094	-0.314420
VNG2347G	-0.353311	0.169295	0.000000	2.105145	-0.169295
VNG1727G	0.388978	0.163371	0.000000	-2.069365	0.000000
VNG6441H	0.415587	-0.346322	0.000000	-2.089479	0.167389
VNG2394G	0.000000	-0.464853	-1.755221	0.953750	0.176324
VNG2624G	0.803582	0.341247	-0.033024	-1.827323	0.000000
VNG1343C	0.280982	0.000000	-0.005978	-1.721760	0.998381
VNG2361G	0.000000	0.981075	-1.394586	0.632429	-0.883778
VNG1714G	-1.906403	-0.430135	0.095586	0.775306	0.000000
VNG1562H	-0.653584	0.067433	0.000000	1.924443	-0.290482
VNG0426G	0.780610	0.000000	0.451019	-1.804077	-0.008673
VNG0098G	0.000000	-0.025607	0.108831	-2.086988	0.390510
VNG0158G	0.759460	-0.747593	-1.720652	0.000000	0.462796
VNG2020C	0.961935	0.000000	-0.100202	-1.733488	0.340685
VNG1313G	0.000000	0.397366	-0.341328	2.124382	-0.163022
VNG0539C	0.246425	0.000000	-1.220925	1.556960	-0.224023
VNG5068G	0.000000	-0.179238	0.063260	-2.045417	0.548256
VNG2141G	-0.630346	0.386803	0.000000	1.934016	-0.308010
VNG1306G	-0.671925	0.000000	0.095989	1.979778	-0.023997
VNG0402H	0.000000	0.009659	-0.111073	2.197311	-0.043463
VNG1692G	-1.406627	-0.120139	0.000000	1.416639	0.035041
VNG2191H	-0.625990	0.071135	-0.142270	1.977559	0.000000
VNG2576H	0.000000	0.000000	0.195042	-2.094898	0.296175
VNG1524C	-0.985690	0.487047	-0.069578	1.751050	0.000000
VNG2482G	0.000000	-0.542846	-2.092426	0.305968	0.276358
VNG0919G	0.161768	-0.822322	-0.876245	1.590721	0.000000
VNG0486G	0.000000	1.172156	-0.334902	0.958191	-1.283790
VNG1558H	-0.918962	0.000000	0.046530	1.787516	-0.228771
VNG1865H	0.000000	0.141227	-0.363155	2.111677	-0.121052
VNG2420G	1.322601	0.000000	-1.024270	-0.129277	1.262935
VNG2465C	-0.686282	0.000000	0.246633	1.726429	-0.739898
VNG1553G	-1.126466	0.012801	0.000000	1.612895	-0.364821
VNG0482H	1.624611	0.000000	-0.923276	0.923276	-0.221941
VNG2604G	-0.326440	-0.118275	0.000000	2.133689	0.198703
VNG1691G	-2.019924	0.000000	0.247933	-0.415652	0.503158
VNG0245G	0.725049	0.000000	0.012289	-1.953945	-0.122890
VNG0884G	-0.414885	-0.187105	0.000000	2.082561	0.439290
VNG0947G	0.911360	-1.108411	-1.219253	0.738941	0.000000
VNG0451G	0.155821	-0.035185	0.000000	2.251862	-0.030159
VNG2462G	-0.925219	0.033044	0.000000	1.398843	-1.123480
VNG1046H	0.053341	-0.493408	-2.013638	0.613426	0.000000
VNG2616G	-0.489383	0.382609	0.000000	2.091001	-0.035591
VNG0042G	0.025695	-1.087749	0.000000	-2.141238	0.196994
VNG1617H	0.250387	-0.162015	-1.929456	0.000000	0.677519
VNG1635G	-0.720474	-0.308775	0.497470	1.869802	0.000000
VNG2185H	0.546910	0.000000	-0.376561	2.115916	-0.125520
VNG1642H	-0.195198	0.254606	0.000000	-2.079282	0.356448
VNG2115H	0.256090	-0.093124	0.000000	-2.170947	0.023281
VNG1176G	0.000000	-0.472552	-0.191031	2.030966	0.020109
VNG0546C	0.000000	-0.496127	0.187064	-2.155305	0.243997
VNG0243C	0.475983	-2.076094	0.000000	-0.111400	0.050636
VNG1133G	-0.492792	0.000000	1.051289	-1.237455	1.073191
VNG1772G	0.000000	0.015549	-0.124390	-2.223464	0.124390
VNG1088C	-0.709370	-0.457149	0.204929	1.844362	0.000000
VNG1925H	-0.015078	0.188480	-0.369422	2.141138	0.000000
VNG1695G	-1.772523	0.000000	-0.005471	0.990206	0.005471
VNG2422G	-0.039796	0.000000	-1.472454	1.233678	0.570410
VNG0985H	1.018735	0.000000	-1.342333	-0.874914	0.671167
